2,6,18,5,5,3,1,1,2,4,10,4,4,5,1,1,0
3,3,11,11,2,1,1,1,4,1,5,10,1,0,1,1,0
2,2,6,9,1,1,1,2,1,1,3,8,1,1,0,1,0
1,4,7,6,1,1,0,2,1,2,5,6,1,0,0,1,0
1,3,7,9,3,1,1,1,0,2,10,9,3,1,0,1,0
1,1,3,8,2,1,0,0,0,1,2,8,2,0,0,0,0
1,2,5,5,1,1,0,0,0,1,6,3,1,0,0,0,0
1,1,6,7,2,1,0,1,0,1,6,7,1,1,0,1,0
0,2,4,7,2,1,1,1,0,2,3,4,2,1,0,0,0
0,1,3,6,1,0,0,0,0,1,2,5,1,0,0,0,0
1,1,8,7,1,1,0,0,0,1,9,5,1,1,0,0,0
0,1,4,4,1,1,0,1,0,1,3,2,1,1,0,0,0
0,1,4,4,1,1,0,0,0,1,2,3,1,0,1,0,0
1,2,6,7,2,1,0,0,1,2,3,5,1,1,0,0,0
0,1,5,7,1,1,0,0,0,1,5,6,1,0,0,0,0
0,1,3,7,2,1,1,1,0,1,2,8,1,0,0,1,0
0,2,4,4,1,1,0,0,0,1,3,3,0,0,0,0,0
0,1,4,8,1,1,0,1,0,0,2,9,1,0,0,0,0
1,1,5,7,2,1,0,0,1,1,4,7,1,0,0,0,0
0,0,3,3,1,0,1,0,0,0,2,2,1,0,0,0,0
0,1,2,3,1,1,0,0,0,1,1,2,0,0,0,0,0
1,1,6,4,1,0,0,0,0,1,4,5,0,0,0,0,0
1,1,4,3,1,1,1,0,0,1,2,3,1,0,0,0,0
1,1,5,8,1,1,1,0,0,1,3,8,0,0,0,0,0
1,1,2,2,1,1,1,0,0,0,2,2,1,1,1,0,0
1,1,4,4,1,0,1,0,0,2,2,3,1,0,0,0,0
0,1,3,5,0,1,1,0,0,1,3,4,0,0,0,0,0
1,2,4,4,2,1,0,1,1,1,3,3,1,0,0,1,0
0,1,5,4,1,0,0,0,0,0,3,4,1,0,0,0,0
1,2,6,7,1,1,1,1,0,1,5,6,1,0,0,0,0
1,2,6,5,1,1,1,0,0,1,4,4,1,1,1,0,0
0,2,4,5,1,1,0,0,0,2,2,4,1,0,0,0,0
1,0,2,4,0,1,0,1,0,0,2,3,1,0,0,0,0
0,2,5,3,1,1,0,0,0,0,3,2,1,0,0,0,0
1,1,3,3,1,0,1,0,0,1,2,3,1,0,0,1,0
1,1,4,3,1,1,0,0,0,1,4,2,0,0,0,0,0
0,1,3,5,1,1,1,1,0,1,2,4,1,0,0,0,0
0,1,4,4,0,0,0,0,0,1,3,4,0,0,0,0,0
1,1,2,1,0,0,1,0,1,1,2,1,0,0,0,0,0
0,2,3,4,1,0,0,1,0,1,3,2,0,0,0,0,0
1,1,3,3,1,1,1,0,0,1,2,2,0,1,0,0,0
0,1,4,3,1,1,0,0,0,1,3,2,0,0,0,0,0
1,1,3,4,1,0,1,0,1,1,3,3,1,0,0,0,0
0,2,2,3,1,1,1,0,0,2,2,2,0,0,0,0,0
1,1,3,1,0,0,0,0,0,0,3,1,0,0,0,0,0
0,0,3,2,0,0,0,0,0,0,2,1,0,0,0,0,0
0,1,4,2,0,1,1,0,0,1,5,2,0,0,0,0,0
1,1,3,3,0,0,1,0,1,1,1,2,1,0,0,0,0
0,1,2,2,1,0,0,0,0,1,1,1,0,0,0,0,0
1,1,3,2,1,0,0,0,0,0,3,2,0,0,0,0,0
0,1,4,6,1,1,0,1,0,0,2,5,0,1,0,1,0
0,1,3,3,0,1,0,0,0,1,2,4,0,0,0,0,0
1,1,5,5,1,1,1,0,0,1,3,3,1,0,0,0,0
1,0,3,2,0,0,0,0,0,1,1,3,0,0,0,0,0
0,1,2,2,1,0,1,0,0,0,2,1,1,0,0,0,0
0,1,3,3,1,1,0,0,0,0,3,2,0,0,0,0,0
0,1,1,2,1,1,1,1,0,0,0,2,1,0,0,0,0
0,1,3,4,0,0,0,0,0,0,2,3,0,0,0,0,0
1,1,3,3,0,1,0,0,0,0,2,3,0,0,0,0,0
0,1,3,4,1,1,0,0,0,1,1,4,1,0,0,0,0
0,1,4,4,1,1,1,0,0,1,4,5,1,1,0,0,0
0,1,3,2,1,1,0,1,0,1,2,2,1,0,0,1,0
1,0,1,1,1,0,1,1,0,0,1,0,0,0,0,0,0
1,1,3,5,1,0,0,0,0,1,3,4,0,0,0,0,0
1,1,4,6,1,1,0,0,0,0,2,3,1,1,0,0,0
1,1,3,3,1,1,0,0,0,1,2,4,1,0,0,0,0
1,1,4,4,1,1,0,0,0,1,3,4,0,0,0,0,0
1,1,1,3,1,0,0,0,0,1,1,1,0,0,0,0,0
0,0,3,2,0,0,0,0,0,0,3,3,0,0,0,0,0
0,1,4,3,0,0,0,0,0,1,3,1,0,0,0,0,0
0,0,2,1,0,1,0,0,0,0,3,1,0,0,0,0,0
0,1,2,2,1,1,0,1,0,1,1,1,0,0,0,0,0
0,1,4,2,1,0,1,1,0,1,3,1,1,0,0,0,0
0,0,2,1,0,0,1,0,0,0,2,1,0,0,0,0,0
0,1,3,3,0,1,0,0,0,1,3,2,0,0,0,0,0
2,3,8,9,2,1,1,2,2,2,8,8,1,0,1,3,0
1,2,8,7,1,0,1,1,1,1,9,8,0,0,1,1,0
1,2,3,3,1,1,1,0,0,1,2,2,1,1,0,0,0
3,4,8,8,4,2,1,2,2,3,10,6,3,2,1,1,0
1,3,10,11,3,2,1,1,1,2,8,8,1,1,0,2,0
1,1,5,10,2,1,0,1,0,1,6,5,2,1,0,0,0
0,2,5,5,1,1,1,0,0,1,3,2,0,0,0,0,0
1,2,7,5,2,1,0,0,0,1,6,4,2,1,1,0,0
0,1,7,4,1,1,0,0,0,1,4,4,1,0,0,0,0
1,1,2,3,1,0,0,0,0,0,1,2,0,0,0,0,0
1,1,4,6,1,0,0,0,0,1,4,2,1,0,1,0,0
0,1,4,4,1,1,0,1,0,1,2,4,0,0,0,0,0
1,1,6,4,1,0,0,1,0,1,3,3,0,0,0,0,0
1,1,1,4,1,1,0,0,0,0,1,2,0,0,0,0,0
1,2,4,6,1,1,1,0,0,1,3,4,0,1,0,0,0
0,1,6,7,1,1,1,1,0,1,4,4,1,1,0,1,0
1,1,4,5,2,1,1,0,1,1,2,2,1,1,1,0,0
1,1,5,4,1,0,1,1,0,0,3,5,0,0,0,0,0
1,1,5,7,2,1,0,0,0,1,4,7,1,0,0,0,0
1,2,6,6,2,1,1,1,0,1,6,7,1,0,0,0,0
1,1,3,4,1,1,0,0,0,0,2,2,1,1,0,0,0
0,2,5,8,1,0,0,0,0,1,3,9,1,0,0,0,0
1,2,8,6,2,1,1,1,1,2,9,4,2,1,1,0,0
0,1,4,7,0,1,1,1,0,0,4,7,0,0,0,0,0
1,1,3,3,1,1,1,0,1,1,1,1,1,0,0,0,0
1,1,4,4,1,1,0,1,0,0,4,4,0,0,0,0,0
1,1,3,5,0,0,1,0,0,1,1,4,0,0,0,0,0
0,1,3,3,1,0,0,1,0,1,2,3,1,0,0,0,0
0,1,4,4,1,1,1,0,0,0,4,4,1,0,0,0,0
1,1,5,4,1,1,1,1,0,1,4,4,1,1,1,1,0
1,1,3,4,1,1,1,1,0,1,3,3,1,1,0,0,0
1,1,6,8,2,0,0,1,1,1,4,4,1,0,0,0,0
1,2,5,5,1,1,1,1,1,2,3,2,1,1,0,1,0
1,1,5,5,1,1,1,1,0,1,3,5,0,1,0,0,0
1,1,2,3,1,1,0,0,0,1,3,1,1,0,0,0,0
0,0,3,3,1,0,1,1,0,0,3,4,0,0,0,0,0
1,1,4,4,1,1,0,0,1,0,4,4,0,0,0,0,0
1,1,7,3,1,1,1,1,0,1,6,2,1,1,1,1,0
1,1,4,4,1,0,1,0,0,1,4,3,1,0,1,0,0
1,2,7,5,2,1,0,1,0,1,3,3,1,0,0,0,0
0,1,3,3,0,0,0,0,0,0,3,2,0,0,0,0,0
0,1,3,4,1,1,1,1,0,1,2,4,1,0,0,1,0
0,1,3,4,1,0,0,0,0,0,2,3,0,0,0,0,0
1,1,5,7,1,1,0,1,1,1,3,4,1,1,0,0,0
0,1,4,4,1,1,0,1,1,0,2,3,0,0,0,0,0
1,1,6,4,0,0,0,1,0,0,3,3,0,0,0,0,0
1,1,9,7,1,1,0,0,0,1,9,6,1,1,0,0,0
0,1,4,5,1,0,0,1,0,1,3,2,0,1,0,1,0
0,1,4,6,1,1,0,0,0,0,3,6,0,0,0,0,0
1,2,5,5,2,1,1,0,1,1,3,4,2,1,1,0,0
1,2,5,4,1,1,0,0,0,1,4,3,0,0,1,0,0
0,1,6,5,1,0,0,0,0,1,7,3,1,1,0,0,0
1,1,3,6,0,0,0,0,0,0,2,3,0,0,0,0,0
0,0,3,4,0,0,0,0,0,1,2,3,0,0,0,0,0
0,1,6,6,1,0,1,0,0,1,5,4,0,0,0,0,0
0,1,3,5,1,1,0,0,0,0,2,3,0,0,0,0,0
1,1,3,2,1,1,0,0,0,1,2,2,0,0,0,0,0
0,1,5,6,0,1,0,0,0,1,5,7,0,0,0,0,0
0,2,4,4,1,1,1,1,0,1,3,3,1,1,0,0,0
0,0,3,4,1,0,0,0,0,0,2,3,1,0,0,0,0
0,1,4,3,1,0,0,1,0,1,3,2,1,0,0,1,0
1,1,4,4,1,1,0,0,0,0,3,4,0,1,0,0,0
1,2,5,8,1,2,1,0,0,1,4,4,0,1,0,0,0
1,1,5,4,1,1,0,0,1,1,2,2,1,1,0,0,0
0,2,6,6,1,0,0,1,0,0,3,4,1,0,0,1,0
1,1,6,8,1,0,0,1,0,0,3,3,1,0,0,0,0
0,1,7,5,1,1,1,0,0,1,6,2,0,0,0,0,0
1,1,4,5,2,1,1,1,1,1,4,4,1,1,0,0,0
0,2,2,5,2,1,0,0,0,1,3,5,1,1,0,0,0
1,1,3,3,1,1,0,1,0,1,1,3,1,1,0,0,0
0,1,2,3,1,1,1,1,0,1,2,1,0,0,0,0,0
0,1,5,3,1,1,1,0,0,0,3,3,0,0,0,0,0
1,1,2,2,1,1,0,0,0,0,1,2,0,1,0,0,0
0,1,5,7,1,1,1,0,0,1,4,6,0,1,0,0,0
1,2,6,4,2,2,1,1,1,2,5,3,3,1,1,1,0
1,1,5,3,0,0,0,0,0,0,3,2,0,0,0,0,0
1,1,6,4,1,1,0,1,0,1,5,4,1,1,0,0,0
1,1,3,3,1,1,0,0,0,1,1,3,1,1,0,0,0
1,2,6,5,1,1,0,1,1,2,5,2,1,1,0,1,0
1,1,2,5,1,1,0,1,0,1,4,2,1,0,0,0,0
0,1,6,6,1,1,1,1,0,1,4,5,1,1,0,0,0
0,1,6,5,1,1,0,1,0,1,3,2,0,0,0,0,0
0,1,1,2,1,0,0,1,0,1,1,1,0,0,0,0,0
0,1,4,3,1,1,0,1,0,0,2,3,1,1,0,0,0
0,1,3,4,1,1,0,0,0,0,1,2,1,1,0,0,0
0,1,4,2,1,0,1,0,0,1,4,2,1,0,0,0,0
1,1,3,5,1,0,0,1,0,1,2,3,1,1,0,1,0
0,1,4,4,0,1,0,1,0,0,3,2,0,1,0,0,0
1,1,6,5,1,1,1,1,0,1,6,5,1,0,0,0,0
1,1,5,6,1,1,1,1,1,1,4,5,1,1,1,0,0
0,1,3,4,1,0,0,0,0,0,2,5,1,0,0,0,0
1,1,6,7,1,1,1,1,0,1,4,4,1,0,0,0,0
1,2,6,3,2,1,1,0,1,1,8,3,1,0,0,0,0
0,1,4,6,1,0,0,0,0,0,3,7,1,0,0,0,0
0,1,4,4,1,1,0,0,0,0,3,4,1,1,0,0,0
1,1,4,4,1,1,0,0,0,2,5,5,2,1,0,1,0
0,1,6,5,1,1,0,0,0,0,6,5,1,1,0,0,0
0,1,6,3,1,1,0,1,0,1,7,3,1,1,0,0,0
0,1,4,4,1,1,1,0,0,1,3,3,0,0,1,0,0
1,1,6,8,2,1,1,1,1,1,6,6,2,0,0,1,0
0,1,3,7,1,1,1,0,0,1,1,4,1,0,0,0,0
1,0,4,7,1,0,1,0,0,0,4,5,0,0,0,0,0
0,0,5,4,1,0,0,0,0,0,5,3,0,0,0,0,0
1,0,3,3,1,1,1,1,0,0,1,3,0,0,0,0,0
0,1,5,5,1,0,0,0,1,0,5,4,1,0,0,0,0
1,2,5,3,2,1,0,1,0,2,4,4,1,0,0,1,0
0,1,3,4,1,1,1,0,0,1,4,3,0,0,0,0,0
0,0,5,4,1,1,0,0,0,0,4,2,0,1,0,0,0
1,1,3,3,1,1,0,0,0,1,2,3,1,0,0,0,0
0,1,3,2,1,1,1,1,0,1,2,2,1,1,1,0,0
0,0,3,4,1,0,0,0,0,0,2,3,0,0,0,0,0
1,1,5,6,1,0,0,0,0,1,3,4,0,0,0,0,0
1,2,8,7,1,0,0,1,0,2,7,7,1,1,0,1,0
0,1,4,4,1,1,0,1,0,1,2,2,1,0,0,0,0
0,2,6,4,1,1,1,0,1,1,5,5,1,0,0,0,0
0,1,4,4,1,1,0,0,0,1,2,2,1,0,0,0,0
0,0,4,4,1,0,0,0,0,0,2,2,0,0,0,0,0
1,1,5,6,1,1,1,1,0,2,6,6,1,0,1,0,0
1,2,4,4,2,1,0,0,0,2,1,3,2,1,1,0,0
0,1,4,3,1,1,1,1,0,0,3,3,1,1,0,1,0
0,1,2,2,0,0,0,0,0,0,1,1,0,0,0,0,0
1,1,3,3,1,1,0,1,0,1,2,3,1,0,0,0,0
1,1,2,4,2,1,1,1,0,1,2,2,1,1,0,0,0
1,2,8,5,1,1,0,0,0,1,6,3,1,1,0,0,0
1,1,6,3,1,1,0,1,0,1,5,2,1,0,0,0,0
1,1,4,5,1,1,0,0,1,1,4,3,1,1,1,0,0
0,1,3,3,0,1,1,1,0,0,2,1,1,0,0,0,0
1,1,3,8,1,1,0,1,0,1,3,9,0,0,0,1,0
1,2,4,9,2,2,1,2,1,1,5,4,1,1,1,2,0
0,2,10,10,2,1,1,1,1,2,7,9,2,1,1,1,0
2,2,4,6,2,1,0,1,1,1,3,5,1,0,0,1,0
0,1,3,5,1,0,1,1,0,1,2,4,0,0,0,1,0
1,1,8,9,2,1,0,2,0,1,5,6,1,1,0,1,0
1,2,9,5,2,1,0,1,1,1,7,5,1,1,1,0,0
1,1,5,7,1,1,0,1,0,1,8,9,1,0,0,0,0
0,1,5,7,2,1,1,1,0,2,8,6,2,1,0,0,0
1,1,4,4,1,1,1,0,0,1,2,3,1,0,0,0,0
0,1,7,6,2,1,1,0,0,1,4,5,1,0,0,0,0
0,1,5,6,1,1,0,0,0,0,3,4,0,1,0,0,0
1,1,6,5,1,1,0,1,0,1,5,4,0,0,0,0,0
1,0,5,5,1,1,0,1,0,1,3,3,1,0,0,0,0
0,1,8,7,2,1,0,1,0,0,7,7,1,1,0,0,0
1,2,7,6,2,0,0,0,0,1,4,4,1,1,0,0,0
1,1,6,5,1,1,1,0,0,1,5,4,1,1,0,0,0
0,1,5,3,2,1,0,1,0,1,7,2,1,0,0,0,0
0,1,3,3,0,1,0,1,0,1,2,2,0,1,0,0,0
0,1,8,7,1,0,0,1,0,1,7,5,0,0,0,0,0
1,1,5,3,1,1,0,0,1,1,3,3,1,0,0,0,0
1,2,11,8,2,1,1,1,1,2,6,5,2,1,0,1,0
0,1,5,5,1,0,1,1,0,1,4,3,0,0,1,0,0
0,1,7,6,0,1,1,0,0,1,8,5,0,1,0,0,0
1,1,7,6,1,1,1,0,0,2,9,7,2,1,0,0,0
0,1,4,5,1,1,0,1,0,1,2,4,2,1,0,1,0
0,1,4,6,0,0,0,0,0,1,4,3,0,0,0,0,0
0,1,7,8,1,1,0,0,0,0,6,7,1,1,0,0,0
1,2,4,3,1,1,1,1,0,2,2,3,1,0,0,0,0
1,2,7,6,1,1,0,1,0,1,8,6,1,0,0,0,0
1,1,4,4,1,0,0,1,0,1,3,4,1,0,0,0,0
1,2,4,4,1,1,0,1,0,1,4,3,0,1,0,0,0
1,1,3,4,0,0,0,0,0,0,3,3,1,0,0,0,0
0,1,5,4,1,0,1,0,0,1,4,3,0,0,0,0,0
1,1,3,6,1,1,0,1,0,1,2,5,1,1,0,0,0
0,0,5,6,1,0,0,0,0,0,3,6,1,0,0,0,0
0,1,7,6,1,0,1,1,0,1,3,5,2,0,0,0,0
0,1,7,5,1,1,0,0,0,0,4,3,1,1,0,0,0
0,1,5,6,1,1,0,0,0,0,4,2,0,0,0,0,0
0,1,3,6,1,1,0,0,0,0,3,5,1,0,0,0,0
0,1,5,2,1,0,0,0,0,1,4,3,0,0,0,0,0
0,1,3,2,1,0,0,0,0,0,1,1,0,0,0,0,0
0,1,3,3,0,0,1,0,0,0,2,3,0,0,0,0,0
0,1,2,2,1,1,1,0,0,0,3,1,0,0,0,0,0
1,1,3,5,1,0,0,1,0,1,4,5,0,0,0,0,0
1,0,2,1,0,0,0,0,1,0,2,1,0,0,0,0,0
0,0,4,1,1,0,0,0,0,0,4,1,1,0,0,0,0
0,1,4,2,0,0,0,1,0,0,3,1,0,1,0,0,0
1,1,5,3,1,1,0,1,1,1,8,4,2,1,0,0,0
0,1,6,3,1,1,0,0,0,0,4,2,1,0,0,0,0
0,1,6,4,1,0,0,0,0,0,5,6,0,0,0,0,0
1,1,11,5,2,1,1,0,0,2,10,4,2,1,0,0,0
0,1,5,2,0,0,0,0,0,1,3,1,1,0,0,0,0
0,0,4,2,0,1,0,0,0,0,4,1,0,0,0,0,0
1,1,3,4,1,1,1,1,0,0,3,3,1,0,1,1,0
0,0,4,2,1,1,1,0,0,0,4,1,0,1,0,0,0
0,1,5,7,1,0,0,0,0,1,3,5,0,0,0,0,0
1,1,5,6,2,1,1,1,0,2,4,4,2,1,0,1,0
0,1,3,4,1,0,0,0,0,0,3,3,0,0,0,0,0
0,1,6,5,0,0,1,0,0,1,6,4,0,0,0,0,0
0,2,3,5,1,1,0,0,0,1,3,2,0,1,0,0,0
0,1,3,3,1,1,1,0,0,0,4,2,0,0,0,0,0
0,1,4,3,0,0,0,0,0,0,4,3,0,0,0,0,0
0,1,4,4,1,0,0,0,0,0,3,4,0,0,0,0,0
0,1,3,3,1,1,1,0,0,0,2,2,1,1,0,0,0
0,1,4,5,1,1,0,1,0,1,3,5,1,0,0,0,0
0,1,4,4,1,1,0,0,1,1,3,5,1,0,0,0,0
0,1,3,4,1,1,0,0,0,1,3,4,0,0,0,0,0
0,0,2,1,1,0,1,0,0,1,1,1,1,0,0,0,0
1,0,5,2,0,0,1,0,0,0,4,1,0,0,1,0,0
0,1,3,1,0,0,0,1,0,0,1,1,0,0,0,0,0
0,1,2,2,1,1,0,0,0,0,2,2,0,1,0,0,0
0,2,2,2,1,0,0,0,0,1,2,1,0,0,0,0,0
0,1,6,3,1,1,0,1,0,1,5,3,0,1,0,0,0
0,1,4,2,1,0,0,0,0,0,4,2,0,0,0,0,0
0,0,4,3,1,0,0,0,0,1,2,2,0,0,0,0,0
0,1,5,3,1,1,1,1,0,1,4,3,0,0,0,0,0
0,1,4,2,1,1,0,0,0,0,3,2,0,1,0,0,0
0,0,2,3,0,1,0,0,0,0,1,1,0,1,0,0,0
1,1,4,2,1,0,1,0,0,1,3,2,1,0,0,0,0
1,1,6,6,1,0,1,1,0,0,4,4,1,0,0,1,0
0,1,2,2,0,0,0,1,0,1,1,1,0,0,0,0,0
1,1,2,2,1,0,1,0,1,0,2,4,1,0,0,0,0
0,1,2,3,1,0,0,0,0,1,1,3,0,0,0,0,0
1,1,3,3,1,0,0,1,0,0,2,2,0,0,0,0,0
0,1,2,1,1,1,0,0,0,1,1,1,0,1,0,0,0
0,0,3,2,1,0,0,0,0,0,2,2,0,0,0,0,0
1,1,4,4,1,0,1,1,0,1,2,3,1,0,0,0,0
0,1,2,4,1,1,0,0,0,1,2,5,0,0,0,0,0
1,1,3,1,1,0,1,0,0,1,2,1,0,0,0,0,0
0,1,4,4,0,0,0,0,0,1,4,3,0,0,0,0,0
0,1,5,4,0,1,0,0,0,1,4,2,0,1,0,0,0
0,0,2,3,0,1,1,0,0,0,1,1,0,0,1,0,0
0,1,1,4,1,0,0,0,0,1,2,2,0,0,0,0,0
1,1,5,3,1,0,0,0,0,0,3,1,0,0,0,0,0
0,1,4,2,1,1,0,1,0,0,2,1,0,0,0,0,0
1,0,3,2,1,0,0,0,0,0,2,1,1,0,0,0,0
0,2,4,3,1,1,0,0,0,1,2,2,1,0,0,1,0
15,14,9,14,16,6,7,10,8,10,9,10,12,4,5,8,1
13,17,7,23,27,6,7,10,12,12,9,13,20,4,3,5,1
18,14,6,21,34,8,4,12,9,11,6,21,21,3,4,6,1
26,21,6,23,23,5,7,16,17,10,5,22,23,5,5,10,1
9,11,4,19,12,6,8,13,8,5,3,12,7,2,4,9,1
13,17,11,30,24,4,8,12,7,11,7,22,11,4,5,6,1
14,18,13,19,29,9,8,13,9,10,14,21,25,6,4,8,1
14,12,10,21,35,8,6,11,9,10,6,24,22,6,5,6,1
14,15,7,18,28,10,6,11,11,11,4,21,20,5,3,7,1
18,18,8,30,37,8,2,3,15,14,9,24,23,6,2,1,1
16,16,8,8,28,7,5,7,10,10,4,7,22,6,2,9,1
13,11,6,27,23,7,3,6,13,8,3,22,17,5,2,4,1
7,16,7,22,25,6,5,9,6,16,4,15,22,5,5,5,1
14,11,9,12,33,8,5,8,13,11,6,6,24,5,3,7,1
17,19,7,20,26,6,5,10,12,9,8,11,28,5,3,3,1
10,15,9,14,23,8,7,10,7,9,6,14,15,4,4,8,1
17,18,8,12,22,4,5,10,19,12,5,9,12,4,4,11,1
11,12,9,17,42,12,7,11,10,7,5,17,33,9,4,9,1
10,12,7,21,20,6,5,8,9,12,8,17,16,4,5,6,1
12,12,2,19,21,8,6,7,7,7,2,14,15,6,5,5,1
16,18,10,23,33,4,4,11,13,11,9,16,30,4,4,9,1
8,11,8,23,27,5,4,6,5,7,4,13,18,3,2,2,1
15,13,6,21,21,5,2,6,12,9,7,20,19,3,1,4,1
9,9,5,17,19,6,3,7,9,4,3,13,16,4,3,3,1
9,8,8,20,28,7,4,7,3,8,5,13,17,5,1,4,1
5,14,6,22,20,4,2,7,4,15,4,17,19,5,3,4,1
12,13,5,14,30,7,6,12,5,6,4,13,22,3,5,11,1
9,17,5,20,29,6,5,10,5,16,4,20,16,4,5,7,1
17,14,3,30,17,5,6,10,10,11,2,20,16,4,4,7,1
12,13,6,18,21,7,5,10,8,6,5,15,22,5,3,7,1
12,15,4,20,18,5,4,6,8,8,4,15,13,3,1,6,1
12,12,6,17,22,2,3,4,6,7,5,17,15,2,1,2,1
12,11,4,8,31,7,6,12,7,14,3,6,19,6,3,6,1
15,12,3,19,17,4,5,9,8,7,5,12,13,2,4,7,1
8,19,4,11,22,6,5,10,7,14,4,8,17,3,3,5,1
14,17,6,14,10,5,6,12,8,9,4,9,7,3,3,7,1
13,14,8,20,32,6,3,4,7,10,6,16,29,6,1,3,1
13,10,6,9,16,4,3,7,9,8,4,5,10,3,3,6,1
13,11,8,19,33,10,6,13,16,10,4,14,25,6,5,12,1
8,11,6,15,18,4,3,6,5,7,4,9,12,3,2,3,1
12,14,5,15,10,4,6,10,12,11,4,11,7,3,4,7,1
11,18,4,19,15,5,4,5,6,6,3,12,15,3,3,6,1
10,18,10,24,15,4,4,7,6,13,6,19,10,2,3,5,1
13,12,4,18,16,4,5,9,10,9,3,14,7,2,4,5,1
8,11,6,17,24,6,4,6,4,10,3,11,26,6,2,3,1
13,14,5,19,34,6,1,5,9,10,3,12,26,4,1,3,1
14,13,5,21,24,7,4,9,10,12,4,17,20,5,3,5,1
11,5,5,12,12,5,7,11,7,4,3,12,5,3,5,9,1
11,9,5,15,23,5,5,11,9,8,4,11,16,3,3,9,1
17,17,7,13,20,6,4,10,6,12,3,12,20,8,4,6,1
7,16,7,26,15,4,4,7,8,4,2,19,9,4,3,7,1
12,11,4,14,18,6,5,7,5,7,4,13,14,3,3,7,1
11,11,7,22,16,3,4,6,8,9,5,17,16,2,2,3,1
14,11,6,20,15,6,7,9,12,7,5,20,14,4,4,6,1
7,13,7,7,11,3,3,6,6,15,5,5,11,2,2,3,1
6,7,4,11,23,6,5,7,4,5,3,8,10,2,4,6,1
7,8,5,13,13,3,4,6,5,5,4,7,9,2,3,6,1
12,18,5,19,17,3,5,11,11,21,4,14,10,2,4,8,1
15,14,4,17,18,5,5,12,16,10,1,9,15,3,3,9,1
15,9,4,15,23,5,5,10,6,6,3,10,28,8,5,8,1
14,11,7,14,19,4,6,10,10,7,4,12,11,3,5,8,1
11,16,8,16,31,6,4,8,11,10,4,14,24,5,2,4,1
14,14,8,17,24,6,4,7,10,8,7,12,21,6,4,4,1
10,14,10,22,19,6,5,7,6,11,7,18,13,6,3,5,1
9,15,13,11,27,10,7,7,6,6,15,7,13,4,4,4,1
17,15,10,14,29,7,6,12,16,13,4,8,19,6,4,7,1
7,12,6,14,14,4,5,5,6,6,4,10,14,3,4,5,1
15,18,8,20,28,7,7,14,8,12,4,13,14,5,7,12,1
8,17,8,15,20,6,5,5,4,9,4,10,11,4,3,2,1
14,15,4,11,19,6,5,6,9,13,3,8,15,4,3,5,1
13,18,5,14,14,4,4,11,8,10,3,16,10,3,4,9,1
13,22,5,19,19,5,8,14,11,17,6,11,14,4,4,9,1
24,20,11,13,23,4,5,11,17,13,5,9,14,2,4,6,1
18,26,9,13,15,5,8,18,15,16,5,16,11,4,5,10,1
17,18,5,13,31,7,5,13,14,16,3,11,16,5,4,9,1
12,17,6,12,28,7,4,8,10,14,5,10,28,7,3,5,1
12,20,5,16,33,11,7,9,12,10,5,21,27,9,5,10,1
10,22,4,14,14,3,4,8,8,15,3,12,10,2,5,8,1
7,8,4,16,14,5,6,6,5,7,4,15,12,3,7,6,1
13,18,8,13,26,9,7,10,10,15,6,16,30,6,3,6,1
19,14,3,22,34,10,8,16,15,7,3,20,25,7,6,12,1
13,14,5,27,24,7,7,10,4,10,4,24,23,5,4,7,1
11,16,7,10,16,4,4,6,10,13,3,6,11,2,3,4,1
16,15,9,16,22,4,6,11,13,11,6,14,15,3,6,8,1
21,17,3,18,16,6,7,17,15,14,2,17,11,5,6,12,1
7,13,6,15,28,7,5,6,6,12,3,12,16,4,3,3,1
11,14,4,13,15,4,4,6,7,8,2,6,19,3,2,3,1
8,15,5,13,20,4,5,6,5,11,3,8,22,2,3,4,1
12,13,5,24,24,8,5,9,8,9,5,22,26,7,5,8,1
18,17,8,24,11,4,8,13,16,12,4,11,10,3,5,10,1
16,20,7,24,15,4,10,20,15,17,7,22,6,5,8,15,1
7,12,6,24,26,5,4,8,6,8,6,25,17,3,4,8,1
11,15,5,16,17,6,7,13,10,12,2,15,14,4,5,10,1
15,14,6,14,21,5,6,16,15,13,5,9,13,4,6,11,1
10,10,8,22,17,5,4,9,10,4,9,25,20,6,2,4,1
20,20,5,10,14,5,7,10,14,9,1,11,12,5,5,5,1
10,13,6,16,18,4,3,9,8,8,4,20,17,2,2,7,1
13,9,6,14,25,5,4,7,6,9,4,13,19,3,2,5,1
11,12,5,14,9,3,4,6,7,6,4,14,7,3,4,5,1
12,16,7,14,21,5,5,10,9,10,6,11,16,5,8,13,1
17,14,6,12,15,5,7,12,13,9,4,9,6,3,5,10,1
15,24,7,18,14,4,8,16,7,24,6,12,11,2,5,10,1
23,13,4,19,12,3,6,11,18,7,2,17,11,2,5,8,1
18,12,4,14,13,4,6,10,8,5,4,11,18,4,3,6,1
10,6,3,16,21,9,9,16,7,4,3,8,13,4,6,11,1
13,17,6,21,22,5,7,10,10,14,7,13,14,5,5,7,1
10,18,5,20,14,4,4,8,9,15,3,11,8,3,5,5,1
9,10,7,19,26,7,4,7,6,9,5,15,16,4,3,5,1
15,18,5,10,21,7,5,7,9,5,4,6,25,4,4,7,1
10,6,5,14,15,3,7,13,8,6,4,10,18,4,5,10,1
16,19,6,11,24,4,6,14,9,15,5,13,20,4,5,8,1
14,12,6,22,15,7,9,8,9,11,3,16,8,3,6,8,1
6,10,5,12,17,5,5,8,5,8,4,4,11,3,4,5,1
5,13,3,16,20,4,4,7,3,10,3,13,10,3,2,5,1
16,16,8,14,8,4,8,13,17,10,5,12,7,2,4,5,1
8,18,4,13,18,6,6,9,7,9,3,9,9,2,4,6,1
7,13,3,12,10,2,5,9,5,13,2,10,8,1,2,6,1
8,9,7,9,18,3,5,6,4,7,6,7,10,1,3,6,1
10,11,3,22,22,5,4,9,10,9,1,18,21,5,4,5,1
9,14,3,13,11,3,4,7,5,11,2,12,9,1,3,5,1
5,14,7,17,20,3,4,4,6,10,5,13,10,2,2,4,1
18,15,6,16,16,5,7,12,11,12,8,17,9,4,5,5,1
14,19,5,15,17,4,5,11,10,12,3,11,12,4,4,6,1
13,12,5,15,18,6,6,8,7,8,3,8,13,5,2,6,1
10,14,6,21,22,7,8,17,5,8,3,17,16,5,4,9,1
13,8,5,13,13,6,7,11,9,7,2,12,11,4,4,6,1
13,11,7,26,23,4,3,7,9,7,3,20,15,3,2,4,1
11,14,5,19,21,6,6,9,10,12,3,16,19,3,3,5,1
11,12,4,14,17,7,5,6,6,9,2,7,11,4,3,5,1
7,15,7,15,26,7,5,9,4,10,5,7,14,3,4,11,1
7,18,4,17,21,4,5,7,4,14,3,13,14,3,2,4,1
13,12,5,21,27,6,5,8,8,7,5,20,30,7,3,6,1
11,11,4,17,9,4,3,7,11,5,3,14,6,2,3,6,1
16,12,7,15,22,7,9,15,9,11,5,16,19,3,5,9,1
10,16,3,10,16,4,6,9,9,11,2,6,11,1,3,7,1
16,10,5,13,21,5,5,10,15,7,4,12,14,3,2,8,1
13,12,6,27,11,4,6,10,8,9,2,23,8,3,5,7,1
10,15,4,12,13,3,3,8,13,10,2,8,14,2,2,6,1
13,16,6,14,15,4,7,9,11,12,3,12,11,2,6,10,1
9,15,2,10,19,6,6,9,7,8,2,4,19,4,4,7,1
14,15,4,15,15,4,7,14,12,14,2,15,7,3,2,8,1
18,13,5,26,7,4,5,10,9,8,3,20,6,2,4,8,1
9,20,8,14,15,4,4,7,6,11,5,10,15,4,3,6,1
16,17,5,17,20,5,8,14,11,12,5,16,14,4,7,14,1
13,13,7,14,18,6,9,12,6,9,6,14,17,3,5,7,1
19,22,8,17,20,8,10,18,20,15,6,9,13,4,7,16,1
17,11,5,14,20,4,5,12,10,10,4,13,16,4,3,7,1
6,12,3,12,14,3,5,10,3,9,3,9,10,2,4,7,1
12,11,6,15,14,5,11,10,12,13,5,14,11,3,15,10,1
11,13,7,17,15,5,13,10,10,11,7,23,14,4,10,6,1
12,15,6,19,20,6,10,9,10,10,5,12,23,4,8,9,1
9,13,5,31,21,4,7,10,9,9,5,20,14,3,5,6,1
15,13,7,22,21,5,6,9,9,8,3,18,20,5,4,6,1
11,13,5,18,12,3,11,14,8,7,4,13,6,3,9,7,1
10,14,8,11,12,3,3,9,9,9,6,6,10,3,2,6,1
10,12,11,14,27,8,5,10,7,7,12,16,35,10,7,9,1
16,19,6,14,16,5,7,15,10,15,4,11,16,3,3,7,1
13,13,8,15,26,6,7,13,6,8,7,12,24,6,6,10,1
17,17,6,12,21,7,9,18,12,11,4,9,18,5,6,10,1
10,18,6,16,14,3,4,9,11,15,3,9,9,2,3,6,1
5,15,6,13,11,3,3,4,5,14,6,13,7,1,2,4,1
7,11,5,13,20,6,3,7,5,11,2,11,17,3,3,7,1
24,18,6,30,9,3,6,14,11,10,5,25,11,3,3,11,1
12,13,5,16,13,4,7,13,10,9,4,12,7,4,5,9,1
14,18,5,15,19,5,3,7,10,16,5,10,10,2,2,4,1
10,18,7,22,19,3,4,8,7,25,5,14,9,2,3,7,1
12,23,4,14,17,4,4,10,6,20,3,13,13,3,3,8,1
10,16,5,22,17,4,6,9,7,14,2,14,13,4,5,9,1
14,21,4,10,11,5,8,13,8,21,4,6,11,3,4,10,1
13,15,6,16,9,5,6,11,8,10,4,16,8,3,6,8,1
7,13,4,16,8,3,3,9,7,11,2,13,5,2,3,7,1
15,18,6,18,15,4,5,9,10,10,3,9,16,4,4,4,1
20,20,8,14,10,4,6,13,11,16,5,10,7,2,5,10,1
12,12,3,19,14,4,4,14,8,10,1,17,11,3,3,8,1
9,13,6,6,15,4,4,10,5,13,5,4,16,4,3,4,1
10,16,2,10,10,4,5,10,7,14,1,8,12,4,3,7,1
14,25,7,12,14,4,5,11,8,22,5,15,12,2,2,8,1
12,15,4,25,13,3,4,10,9,11,3,26,7,2,3,7,1
15,16,6,24,16,6,5,9,14,8,4,27,15,3,3,8,1
10,13,6,14,12,3,5,9,8,9,4,8,8,2,5,8,1
7,15,7,15,17,4,5,10,3,8,2,10,12,4,4,6,1
9,12,5,13,19,5,3,6,4,7,3,15,8,2,2,5,1
14,19,6,16,21,7,6,9,12,11,4,13,18,6,8,13,1
11,16,8,14,25,8,8,13,8,13,6,16,16,5,6,12,1
19,9,6,14,15,4,6,12,13,3,6,12,13,2,6,11,1
11,19,6,12,11,4,8,12,8,10,3,11,8,2,4,8,1
9,14,7,12,17,5,6,11,5,15,4,7,17,4,5,10,1
12,18,7,17,25,7,7,11,11,9,4,19,17,4,5,6,1
14,11,6,16,23,7,5,10,15,7,3,16,26,9,6,5,1
20,26,5,14,34,6,5,9,16,22,4,14,26,5,3,6,1
7,11,15,17,30,5,3,8,7,6,20,15,22,3,3,9,1
12,13,9,17,27,8,6,10,11,12,10,12,24,4,6,13,1
21,17,11,33,30,9,10,15,24,8,11,28,25,7,7,10,1
15,17,11,18,35,9,6,9,9,14,6,20,32,7,3,4,1
17,21,6,17,13,5,5,9,14,18,3,10,11,3,3,6,1
21,27,10,24,25,7,10,14,17,18,5,20,25,5,6,9,1
9,13,5,18,20,6,7,10,9,7,3,13,18,5,5,5,1
14,12,10,31,37,9,7,10,10,8,6,24,25,5,3,6,1
14,19,10,19,24,7,5,9,10,11,6,13,12,2,3,9,1
20,18,6,13,35,6,4,8,10,13,4,9,25,5,3,5,1
10,11,7,22,27,6,5,8,10,7,6,16,23,5,5,6,1
8,18,12,27,28,7,8,13,5,16,11,11,21,5,3,7,1
15,8,12,19,23,7,8,9,10,5,3,11,20,3,6,8,1
17,20,8,29,24,6,10,18,14,15,8,18,11,3,8,11,1
14,17,8,23,27,7,5,11,10,12,5,20,22,4,4,9,1
15,9,11,28,23,6,5,11,8,4,10,29,19,4,3,7,1
10,18,5,18,12,5,6,11,10,9,3,19,7,4,4,8,1
18,18,7,16,26,5,4,7,12,13,5,14,26,5,3,4,1
13,21,7,17,25,6,6,11,10,20,3,13,21,7,4,9,1
12,13,11,31,27,8,8,11,6,11,6,28,22,8,7,11,1
16,22,5,22,13,5,6,9,12,8,3,15,10,3,3,7,1
8,15,7,17,20,4,4,8,7,10,5,11,14,3,3,6,1
16,14,6,12,15,4,4,7,4,10,4,11,7,3,3,6,1
13,13,4,23,25,6,3,4,7,6,3,22,12,4,2,3,1
8,13,10,24,19,3,4,8,6,10,5,8,9,2,3,4,1
7,13,7,8,35,8,6,8,7,10,4,5,12,4,3,4,1
12,23,5,13,13,3,4,6,10,16,4,14,10,3,1,5,1
10,14,6,19,16,3,5,7,10,9,5,18,18,3,4,5,1
14,16,9,22,25,6,5,7,10,12,8,16,23,4,3,9,1
10,7,6,27,21,6,3,7,9,6,5,21,14,6,3,3,1
11,12,6,18,14,5,6,11,7,6,6,18,10,5,5,9,1
11,17,9,21,26,5,7,12,8,9,7,22,19,4,4,12,1
15,16,12,26,42,10,7,15,10,11,13,27,33,6,5,9,1
18,17,9,37,39,11,8,15,9,18,4,22,25,7,6,10,1
8,13,6,15,33,8,8,10,6,14,3,15,22,5,2,5,1
13,14,6,12,18,5,7,12,8,12,4,8,12,4,4,6,1
10,9,6,23,29,8,4,6,7,6,6,18,21,7,3,4,1
10,12,5,20,18,8,9,13,7,13,5,20,17,6,5,9,1
12,10,11,19,12,4,5,7,6,4,8,15,14,4,3,5,1
12,17,7,24,16,3,2,7,7,7,5,31,12,3,2,6,1
6,8,4,11,11,5,6,7,4,6,3,8,9,4,4,6,1
6,13,5,18,19,6,5,7,6,4,4,15,19,3,4,8,1
12,9,2,22,19,7,6,9,14,5,2,10,16,6,5,6,1
7,12,11,19,32,8,6,9,7,13,5,13,21,7,4,9,1
8,12,6,21,13,3,3,4,7,9,3,13,17,2,2,3,1
8,11,5,16,15,4,3,6,7,9,4,15,12,2,3,7,1
7,9,5,6,16,4,3,7,6,8,3,4,10,2,4,5,1
12,10,6,12,30,8,5,8,9,6,3,10,21,6,4,8,1
11,13,8,15,25,6,5,10,10,9,5,10,17,3,2,7,1
14,13,6,11,24,6,6,11,5,11,5,8,15,3,4,8,1
12,17,7,19,13,4,5,10,6,10,4,21,17,2,2,4,1
13,12,6,23,21,5,6,9,11,5,7,16,14,1,5,8,1
22,25,6,15,12,4,5,12,13,19,4,11,11,3,3,6,1
15,14,3,14,19,7,8,11,13,8,2,14,21,6,5,10,1
14,9,5,17,29,7,4,8,6,6,2,20,23,5,3,6,1
8,13,7,27,9,3,6,11,3,8,5,18,6,2,4,6,1
13,16,8,13,14,3,8,11,11,11,4,8,9,3,4,6,1
18,16,11,19,35,8,9,15,20,12,7,11,27,7,5,9,1
12,11,7,16,32,10,10,11,7,10,7,20,28,9,5,5,1
9,16,6,10,20,5,9,15,5,6,7,6,21,5,6,10,1
17,12,9,31,20,6,13,17,10,10,4,28,14,6,6,9,1
11,8,6,17,35,9,9,13,5,5,5,13,26,4,6,6,1
13,16,4,21,27,8,8,13,8,11,4,16,23,8,6,10,1
13,13,12,18,13,3,7,9,13,10,7,15,12,4,6,8,1
15,16,7,17,21,5,10,16,16,13,4,14,16,4,7,10,1
12,11,7,22,20,9,11,14,7,8,4,16,15,7,6,7,1
15,13,4,13,20,6,7,9,12,8,2,13,14,5,6,7,1
12,19,5,10,11,3,4,12,10,11,5,11,13,2,3,9,1
8,13,5,15,16,4,7,15,8,8,3,7,9,3,5,8,1
9,13,4,10,9,3,3,6,5,12,4,5,5,2,3,5,1
10,10,9,11,20,2,5,12,9,8,6,7,12,2,4,8,1
9,12,3,14,17,6,8,15,10,10,2,13,13,5,6,9,1
15,17,9,12,19,5,7,9,7,11,8,9,16,3,3,5,1
14,15,7,14,12,3,6,10,10,8,5,11,8,4,3,6,1
13,16,5,17,15,5,6,9,10,11,3,15,10,3,3,5,1
9,10,3,14,15,5,7,6,6,8,2,19,8,5,6,6,1
14,15,7,6,20,4,5,9,10,13,4,7,23,5,3,6,1
11,11,7,14,15,4,6,9,8,10,6,17,11,2,4,5,1
18,13,7,11,14,5,8,15,20,10,5,10,21,5,6,10,1
13,15,7,10,23,7,6,11,9,10,4,10,20,4,4,6,1
12,11,6,13,20,6,4,7,15,6,5,10,17,3,4,5,1
15,18,5,13,18,4,6,8,8,13,2,11,17,4,4,5,1
11,17,6,13,22,5,8,10,6,11,5,9,15,3,5,6,1
26,23,7,13,10,5,6,9,16,19,4,10,7,4,5,7,1
13,17,9,8,25,5,8,14,7,16,5,4,11,2,7,9,1
16,21,7,15,16,4,5,9,16,17,8,11,8,3,4,8,1
14,17,10,17,25,6,5,8,16,13,9,13,16,5,5,8,1
15,13,4,13,14,3,5,8,11,11,3,7,8,3,4,8,1
9,17,6,8,13,3,3,6,5,15,3,8,15,3,2,5,1
13,13,5,10,14,6,7,12,10,11,4,8,18,7,5,9,1
11,11,5,12,13,2,5,9,9,10,3,6,6,2,4,5,1
6,13,3,7,11,2,3,7,8,9,2,4,10,2,2,5,1
11,7,3,13,11,4,5,8,8,8,1,10,7,3,4,4,1
14,18,7,17,14,4,4,10,13,12,2,12,14,2,3,6,1
11,16,5,7,12,3,3,8,12,13,3,5,10,2,2,5,1
5,9,4,12,15,4,4,5,3,5,4,11,12,3,2,5,1
16,12,5,15,14,3,4,7,10,10,3,17,10,3,3,5,1
16,18,5,11,11,3,6,10,8,15,3,11,11,2,3,7,1
8,15,5,8,17,5,5,10,9,9,4,7,21,3,3,4,1
12,18,5,18,20,4,4,5,11,11,4,13,17,4,3,4,1
13,9,6,7,16,5,5,8,10,9,4,10,19,4,6,8,1
9,13,4,12,7,3,6,13,10,9,4,11,5,3,3,8,1
11,12,7,27,17,3,7,11,8,7,6,24,17,4,5,8,1
11,16,5,16,13,3,3,9,9,10,4,11,9,2,3,7,1
13,20,5,7,9,3,3,5,8,15,4,4,6,1,3,4,1
16,17,6,20,8,3,5,9,9,10,4,15,5,2,5,9,1
12,19,7,17,9,3,7,10,8,11,3,13,6,2,4,6,1
11,17,3,17,22,6,8,17,10,14,3,10,23,4,5,10,1
9,9,6,17,14,4,5,10,7,7,3,9,11,3,3,4,1
12,9,5,17,9,3,5,7,11,5,4,11,3,2,4,4,1
8,12,10,4,3,4,9,25,5,6,4,2,2,1,6,22,2
12,14,12,2,2,4,12,25,14,13,8,2,2,3,15,16,2
8,15,5,2,2,2,7,23,10,12,4,1,1,1,7,17,2
10,10,4,2,3,3,12,25,9,8,3,1,2,2,7,25,2
9,12,7,3,3,6,14,25,8,7,6,1,1,2,14,15,2
10,4,2,2,1,2,13,40,7,4,3,2,0,2,8,11,2
18,9,6,2,2,4,24,24,10,3,1,2,1,3,21,14,2
9,5,3,2,2,2,23,33,11,3,2,1,1,2,24,15,2
13,4,3,4,3,3,18,17,9,3,2,3,2,3,12,12,2
10,7,4,3,3,4,20,11,6,4,3,2,2,3,19,9,2
8,6,3,2,2,4,22,26,3,4,2,3,2,3,14,15,2
9,7,5,5,4,4,16,19,5,3,3,4,2,3,11,22,2
18,6,4,5,3,3,21,12,13,7,2,3,2,3,16,13,2
9,3,2,2,2,1,10,12,7,2,1,2,1,1,7,6,2
10,4,2,2,1,2,13,14,9,3,1,2,1,1,5,11,2
10,5,3,3,3,3,16,23,8,3,1,1,0,1,9,23,2
9,6,3,4,3,5,20,33,8,4,3,3,2,3,14,22,2
8,4,2,3,2,2,18,18,5,2,2,2,1,2,21,17,2
10,4,2,2,3,2,26,27,5,4,2,2,2,1,13,21,2
9,4,3,2,2,2,23,28,7,2,2,3,2,3,15,11,2
8,4,3,3,3,4,27,22,5,2,2,2,2,2,14,16,2
8,4,3,3,2,3,33,23,4,2,1,2,1,2,27,9,2
10,4,3,5,3,6,13,30,10,3,2,5,4,4,9,26,2
20,3,2,2,2,3,15,12,14,3,1,2,1,1,11,14,2
14,4,3,3,2,5,23,34,6,2,1,2,2,2,10,16,2
11,5,4,3,3,4,22,29,11,5,2,2,1,4,11,30,2
12,3,3,3,3,4,23,31,5,1,1,2,1,2,23,17,2
12,3,2,2,1,3,13,15,7,2,1,1,1,2,8,9,2
11,3,3,2,2,4,17,22,10,3,1,2,2,4,14,16,2
11,4,4,3,3,4,21,27,11,3,2,2,1,4,21,16,2
12,3,4,2,2,2,20,34,6,3,2,1,1,2,10,24,2
14,5,4,5,3,5,25,33,10,4,3,1,1,3,13,21,2
15,4,2,3,3,4,17,27,20,2,1,2,2,2,12,24,2
14,2,1,4,3,4,23,26,10,2,2,2,2,3,13,12,2
9,2,2,3,2,3,17,23,11,1,1,2,1,2,10,22,2
11,5,4,4,3,5,21,37,6,3,2,2,2,3,16,20,2
14,5,4,5,3,6,13,33,16,4,1,4,3,5,14,17,2
10,5,4,3,3,4,10,12,7,3,2,3,3,3,7,7,2
16,3,2,2,3,5,12,21,13,2,2,2,1,2,8,22,2
21,6,4,4,4,6,20,18,11,5,3,4,2,4,18,15,2
15,2,1,1,1,4,18,22,18,2,1,0,1,3,16,11,2
10,4,3,3,2,5,13,19,5,4,2,2,2,3,12,14,2
11,3,2,2,2,2,20,19,9,2,2,2,1,2,20,10,2
12,4,3,2,2,4,15,23,14,3,2,2,2,4,11,19,2
12,4,4,3,2,3,15,19,3,3,2,2,1,2,8,16,2
12,2,2,3,2,5,17,23,11,1,1,2,2,2,12,16,2
13,3,2,2,2,4,20,31,10,2,2,1,1,2,20,22,2
13,3,2,3,2,4,12,20,10,2,2,3,3,4,9,15,2
12,5,3,3,2,4,18,15,6,2,2,2,2,2,13,16,2
14,6,5,3,3,6,16,18,9,3,2,2,2,3,12,16,2
14,6,3,3,3,3,14,18,8,5,4,3,1,3,7,9,2
16,4,2,2,1,3,21,32,12,2,2,2,1,3,10,18,2
13,3,2,2,1,3,18,24,11,3,1,1,1,2,11,16,2
12,5,3,3,2,4,18,24,11,4,2,2,1,3,13,19,2
9,4,4,3,3,5,14,14,7,3,4,3,3,4,8,16,2
9,4,3,4,3,2,11,11,7,2,2,3,2,2,4,7,2
9,5,4,3,2,5,14,12,8,4,3,2,1,4,11,9,2
11,4,1,2,3,4,13,14,10,2,1,2,2,4,10,14,2
14,3,2,5,4,5,16,21,10,2,2,5,3,2,8,17,2
10,3,3,3,2,5,18,15,6,3,2,3,2,3,17,9,2
5,3,3,3,2,3,13,19,5,3,2,1,1,1,7,15,2
10,3,2,1,1,4,15,22,10,2,2,1,1,2,12,13,2
7,3,2,5,4,5,13,19,6,2,2,3,3,3,8,15,2
11,5,3,4,4,6,25,22,11,5,3,3,3,4,16,18,2
13,4,4,2,2,4,19,13,7,3,2,2,1,4,20,7,2
11,6,4,3,3,5,15,21,8,2,2,2,2,3,18,23,2
12,4,2,2,1,3,16,14,9,3,0,0,1,2,10,9,2
12,2,1,2,2,3,14,16,9,1,1,1,1,2,7,12,2
8,4,2,2,2,2,10,22,6,2,2,2,2,2,10,14,2
13,3,2,2,2,2,14,18,6,2,1,2,1,2,6,14,2
10,5,4,4,4,4,20,35,8,4,3,3,3,3,14,16,2
16,4,3,1,1,2,14,13,18,2,1,2,1,1,11,11,2
12,4,3,1,1,3,15,17,8,3,3,1,1,1,10,9,2
20,4,3,3,4,6,17,19,14,4,2,2,2,5,16,17,2
10,5,2,4,4,3,8,16,7,3,1,2,2,2,5,12,2
11,5,3,4,3,5,8,17,8,4,2,2,2,5,6,12,2
11,4,2,3,3,3,6,21,8,2,2,3,1,2,7,11,2
17,6,3,3,3,4,11,15,13,6,2,3,2,2,10,7,2
11,4,3,3,2,3,7,19,12,3,2,1,1,2,5,13,2
13,4,2,3,2,3,14,10,9,5,2,3,1,3,12,7,2
21,5,4,2,2,3,16,22,15,2,2,1,1,1,11,13,2
11,3,2,3,2,4,17,14,12,3,1,3,2,2,16,13,2
15,4,3,2,2,5,21,25,12,3,2,2,2,2,13,18,2
11,3,3,2,2,4,18,16,11,2,2,2,2,2,12,15,2
21,5,3,3,2,5,11,23,15,3,2,3,2,4,9,10,2
11,4,2,3,2,4,9,18,6,3,2,2,2,1,6,20,2
14,4,3,4,3,3,18,16,13,4,2,3,2,4,15,16,2
15,5,3,3,2,3,11,31,8,2,1,2,1,1,9,19,2
10,5,3,4,3,4,15,20,9,2,3,3,3,4,6,15,2
15,4,2,2,2,3,14,27,16,3,1,3,2,2,8,21,2
8,4,3,2,2,3,9,14,8,3,1,1,1,2,10,10,2
10,4,2,2,2,3,19,10,5,2,2,1,1,2,26,6,2
13,4,2,3,2,4,18,16,8,3,2,2,1,2,16,15,2
12,6,4,3,3,6,19,17,5,4,2,2,2,5,13,8,2
14,5,2,2,2,3,19,12,11,3,1,2,1,1,19,9,2
18,4,5,4,3,5,10,26,12,3,3,3,3,4,7,17,2
14,5,2,2,1,3,24,19,8,3,2,2,1,2,11,11,2
8,5,3,2,2,4,14,21,5,3,2,1,1,2,10,15,2
8,5,3,3,2,3,8,10,6,3,2,2,2,2,7,6,2
14,8,4,5,4,7,21,28,11,6,4,1,1,5,9,15,2
14,2,1,2,1,2,9,16,11,2,1,1,0,2,8,19,2
12,3,2,1,2,3,19,25,10,4,2,1,1,2,13,30,2
14,5,3,4,3,5,16,30,9,3,2,2,3,4,12,18,2
12,3,2,2,1,4,9,20,10,3,2,1,1,4,7,10,2
9,3,2,3,2,3,7,21,5,3,1,1,1,2,5,12,2
23,6,4,4,3,4,15,16,13,5,5,5,3,4,14,14,2
13,4,3,5,4,5,11,17,11,4,1,2,2,2,8,12,2
14,3,2,4,4,4,11,22,6,2,2,2,1,4,10,8,2
17,6,4,3,3,7,15,24,9,4,4,2,3,6,13,21,2
17,6,3,3,3,5,18,30,14,2,2,3,2,2,13,14,2
12,4,4,3,2,3,15,12,10,3,2,2,1,3,7,13,2
11,3,2,2,2,5,20,17,11,2,2,2,1,3,11,17,2
15,4,2,3,2,4,15,15,12,3,2,2,2,3,8,14,2
12,4,3,2,2,3,17,17,7,4,1,1,2,3,9,13,2
9,4,2,2,3,4,21,22,7,3,2,1,1,3,17,18,2
15,3,3,3,3,4,16,17,21,4,2,2,2,2,8,10,2
10,3,1,2,2,3,13,22,9,2,1,2,1,2,9,13,2
10,4,2,3,2,4,14,20,6,3,3,4,3,4,11,16,2
19,6,4,3,2,5,14,21,15,5,3,3,2,2,7,22,2
12,8,4,4,4,6,13,23,11,4,2,3,4,5,8,13,2
10,2,2,2,2,2,20,14,7,2,1,1,1,2,8,7,2
12,4,3,4,3,3,5,20,13,3,1,3,2,2,5,12,2
18,6,3,2,3,4,7,18,15,4,1,2,2,2,12,19,2
14,8,3,5,3,3,13,24,15,5,2,2,2,2,7,10,2
16,6,3,3,3,3,22,18,10,5,1,2,1,2,18,18,2
17,9,2,5,3,5,14,34,11,5,2,2,2,2,13,19,2
7,11,2,2,1,3,13,22,7,11,2,1,1,2,10,26,2
11,6,1,2,2,2,16,16,14,3,1,1,1,2,11,11,2
26,7,3,3,2,2,27,21,18,6,2,2,2,1,23,10,2
12,9,3,3,2,3,11,19,7,3,1,2,1,3,6,12,2
14,4,2,2,2,2,12,20,11,1,0,1,2,1,7,11,2
13,6,3,3,3,3,13,14,10,3,4,3,2,4,13,14,2
14,6,4,3,2,3,10,23,8,4,3,1,1,2,7,15,2
16,6,3,1,1,3,10,11,8,3,1,1,0,2,15,13,2
14,6,4,4,3,3,12,22,11,4,2,1,2,1,7,12,2
6,4,2,1,1,2,17,17,6,3,1,2,1,1,7,18,2
16,5,4,4,3,5,14,16,10,4,3,2,2,3,10,14,2
21,7,2,3,3,5,16,13,15,3,2,2,3,4,10,9,2
13,4,2,3,3,4,20,20,11,3,1,2,1,3,14,10,2
15,6,4,4,3,6,21,22,14,3,2,1,1,3,17,16,2
14,4,3,3,3,4,12,8,11,3,2,3,2,2,8,10,2
12,5,2,3,3,3,12,13,16,4,2,1,0,2,7,10,2
11,3,2,2,2,3,15,28,9,2,1,2,2,3,11,22,2
22,6,4,3,2,4,13,16,12,2,3,3,2,3,9,14,2
10,5,3,4,4,4,22,20,8,4,2,3,3,2,15,15,2
12,5,3,2,2,4,18,27,6,4,2,1,1,3,13,23,2
16,4,2,2,1,3,11,15,18,2,1,1,1,2,8,12,2
14,3,1,3,2,3,9,15,7,3,1,2,2,4,8,12,2
16,3,2,1,1,2,8,10,14,1,1,1,1,1,6,11,2
10,6,5,2,2,4,19,22,6,5,3,2,2,4,18,20,2
7,4,3,1,2,3,9,14,4,4,3,1,1,2,5,9,2
18,5,3,4,2,3,10,24,20,4,3,2,2,1,8,22,2
20,6,2,3,3,5,17,20,16,3,1,2,2,4,8,16,2
11,5,2,2,2,3,13,12,12,4,1,1,1,2,8,7,2
13,4,3,2,1,3,10,13,6,2,1,1,1,2,8,12,2
12,4,3,2,1,2,13,7,7,3,1,1,1,1,11,7,2
7,6,4,2,1,2,13,21,4,3,3,1,1,2,14,17,2
11,5,3,2,2,4,17,10,6,3,2,3,2,3,9,9,2
15,5,3,3,3,3,14,16,15,4,2,2,2,3,9,13,2
9,3,2,3,3,3,8,25,8,3,1,3,2,2,8,17,2
8,3,3,2,2,2,13,18,5,2,1,1,1,2,14,10,2
11,4,3,2,2,3,11,20,7,3,1,3,3,4,11,7,2
16,6,3,3,3,6,17,22,14,5,2,1,1,2,8,12,2
10,5,2,3,3,4,16,25,7,3,1,3,2,3,8,17,2
9,6,2,4,4,6,20,15,6,3,2,4,2,2,14,9,2
19,14,6,4,3,4,14,24,19,12,4,3,2,3,6,16,2
8,10,6,4,3,4,22,18,7,5,2,2,1,2,16,12,2
14,11,3,3,2,3,10,27,11,5,2,2,2,1,8,21,2
10,9,3,3,2,2,14,21,9,12,4,1,1,1,9,29,2
19,7,4,4,3,5,11,21,12,4,3,2,2,3,6,11,2
16,6,4,2,1,2,11,25,11,5,2,1,1,3,11,18,2
16,7,3,3,2,3,14,34,16,3,2,2,1,3,10,33,2
12,5,2,3,3,3,13,27,6,3,1,2,2,2,10,22,2
7,4,2,2,1,3,15,12,7,2,1,0,1,2,7,9,2
12,7,5,3,2,4,10,15,10,6,4,1,1,3,10,7,2
9,7,3,3,4,6,13,20,5,4,2,3,2,3,6,14,2
14,6,3,2,2,3,12,26,14,3,1,1,1,2,10,16,2
11,3,3,2,1,2,14,17,9,3,2,2,1,1,8,13,2
11,3,3,4,3,5,13,26,9,1,2,4,2,3,10,27,2
16,5,3,1,1,3,17,27,13,4,2,1,1,3,11,13,2
11,3,2,2,2,3,12,23,5,2,2,2,1,2,11,15,2
8,4,1,3,2,3,12,34,6,4,2,1,2,2,10,30,2
16,5,5,3,2,5,18,15,9,5,3,2,2,4,17,11,2
15,3,2,2,2,4,7,16,16,2,1,2,2,2,6,11,2
9,6,3,3,2,3,11,21,6,5,4,2,2,2,10,12,2
18,3,3,4,3,2,13,16,10,2,2,2,1,1,9,10,2
7,3,1,1,1,3,9,22,7,1,1,1,1,1,10,10,2
10,6,3,2,1,2,15,24,6,3,2,2,1,2,9,10,2
15,4,3,3,2,1,11,19,8,1,2,2,1,1,11,13,2
17,2,2,2,2,3,9,14,18,1,1,1,1,2,8,9,2
8,6,3,4,3,4,14,10,11,2,2,3,2,3,9,8,2
11,4,2,2,3,3,10,23,9,2,2,1,1,2,8,19,2
18,6,3,3,2,4,11,20,12,3,2,2,2,4,6,8,2
17,3,2,3,2,4,9,26,14,2,2,5,4,5,8,22,2
17,4,3,3,2,3,12,18,13,4,3,2,2,2,5,20,2
12,7,4,4,4,6,17,17,7,5,3,2,2,3,11,11,2
13,8,4,4,3,4,19,16,8,4,3,3,2,2,16,5,2
17,2,2,3,2,3,12,19,9,2,1,3,1,1,8,19,2
10,3,2,2,2,5,13,22,11,4,3,1,1,3,14,13,2
15,4,2,2,2,3,13,23,9,3,2,2,1,2,8,17,2
13,3,2,1,2,4,10,18,15,2,1,1,1,2,10,12,2
18,5,3,3,3,5,15,19,14,3,3,2,2,4,11,15,2
13,5,3,2,1,2,13,24,11,3,1,1,1,1,9,16,2
15,4,2,3,3,5,6,14,10,2,1,1,1,1,5,8,2
12,4,3,4,3,3,7,17,7,3,2,4,3,4,3,12,2
14,6,3,3,3,5,18,21,10,4,3,3,1,4,15,12,2
19,8,4,3,3,4,14,27,12,4,3,1,1,2,6,16,2
17,3,2,3,2,2,13,25,14,4,1,2,1,0,9,24,2
11,5,5,4,4,3,16,14,14,3,2,4,3,2,21,8,2
14,7,4,3,3,6,17,21,9,6,4,2,2,5,15,14,2
9,7,4,4,3,4,14,27,11,6,2,2,2,1,10,15,2
10,3,2,3,2,2,11,19,7,2,1,4,3,2,7,15,2
16,5,4,2,2,3,12,23,14,4,2,1,1,2,11,14,2
18,4,3,2,2,3,14,22,15,3,2,1,1,2,9,16,2
12,4,3,2,2,3,16,22,7,2,1,1,1,2,10,18,2
11,6,3,4,4,5,13,23,6,3,2,3,3,5,11,13,2
19,4,3,2,2,3,17,21,15,3,2,1,1,2,13,12,2
11,7,5,3,3,6,18,17,5,3,3,3,3,4,14,16,2
13,4,3,3,3,5,11,13,7,3,2,3,2,2,9,12,2
19,4,3,3,2,2,15,23,14,3,2,2,1,1,10,11,2
14,4,3,2,2,3,13,24,11,1,1,2,1,2,10,17,2
13,5,3,2,2,4,13,15,16,3,1,2,1,2,11,23,2
16,5,2,3,2,3,16,21,16,2,1,1,1,2,14,16,2
15,6,2,2,1,3,11,12,13,2,2,1,1,2,8,12,2
13,6,4,3,3,5,15,24,16,3,2,3,3,4,10,15,2
8,6,3,4,3,4,14,21,10,4,1,3,2,3,10,23,2
13,4,2,2,2,3,11,23,15,1,1,2,2,2,7,21,2
7,6,3,1,2,3,10,16,6,3,2,1,1,1,7,15,2
10,3,3,1,1,1,8,17,7,2,2,0,1,2,4,10,2
18,3,3,2,1,4,13,17,10,3,3,1,0,2,9,9,2
19,6,4,3,3,5,18,18,13,3,2,1,1,3,10,10,2
10,7,4,3,3,5,16,22,7,4,3,1,2,3,9,20,2
19,7,4,3,3,5,16,19,19,6,3,3,3,5,12,26,2
8,4,3,3,3,4,8,11,5,3,1,2,1,2,8,9,2
14,6,3,3,3,5,14,17,14,3,2,2,2,3,9,12,2
18,4,3,3,3,5,22,13,15,5,3,2,2,4,18,11,2
17,6,4,4,3,5,20,23,9,5,3,3,3,4,16,20,2
21,5,3,4,3,4,17,23,14,5,2,3,2,3,13,19,2
16,5,4,3,3,4,10,18,17,2,3,3,2,2,9,19,2
21,7,4,3,2,4,17,19,13,2,3,2,1,2,11,13,2
13,4,3,3,2,4,8,16,9,5,4,2,2,4,9,7,2
7,4,3,3,3,2,10,17,4,4,3,2,1,2,7,12,2
8,2,2,2,2,3,15,17,7,2,2,1,1,2,10,13,2
14,4,2,3,2,3,18,23,8,4,2,2,2,2,15,18,2
10,3,1,3,3,5,15,21,9,2,1,3,1,4,16,15,2
13,5,4,3,2,4,15,17,5,2,2,2,2,3,11,13,2
15,5,3,2,2,4,21,25,11,3,2,1,1,2,11,17,2
13,5,2,3,3,5,14,24,9,3,2,2,2,4,11,23,2
15,5,3,3,1,2,16,19,15,3,2,3,1,2,8,9,2
17,5,4,3,4,6,17,24,8,4,2,2,2,4,11,20,2
12,3,5,3,1,3,14,17,13,2,6,1,1,2,13,12,2
20,5,7,4,3,4,10,21,19,4,9,3,3,3,9,9,2
15,4,4,2,2,2,17,13,14,2,3,1,1,1,12,12,2
18,7,5,3,2,6,17,18,9,4,5,2,1,4,10,18,2
7,2,2,3,2,2,8,13,11,2,2,3,1,2,5,9,2
21,5,4,2,2,5,13,21,17,4,2,2,2,4,8,13,2
18,5,4,3,3,4,20,9,9,3,3,2,1,2,12,6,2
12,5,3,6,5,7,18,22,10,3,2,4,2,3,19,22,2
17,7,5,4,4,7,23,39,9,4,3,3,3,5,17,31,2
14,7,4,3,2,4,19,10,9,6,3,2,1,2,12,8,2
10,5,3,3,3,4,15,23,6,3,1,2,2,2,14,19,2
15,3,2,3,2,2,10,16,7,2,1,1,1,1,6,15,2
7,4,4,4,4,5,11,30,3,2,3,3,2,3,9,19,2
6,2,2,4,3,4,15,17,5,4,2,2,3,4,12,10,2
9,4,2,4,4,5,18,17,7,5,2,3,3,5,11,13,2
14,3,3,3,2,3,11,16,13,2,2,2,2,2,7,13,2
11,6,4,3,2,5,13,20,8,5,3,2,1,2,7,16,2
11,2,2,2,2,4,9,15,6,1,1,2,1,2,11,9,2
13,3,3,2,2,3,17,20,11,3,2,2,2,2,8,15,2
14,5,5,3,2,5,12,19,12,3,3,2,1,3,8,13,2
21,7,5,3,3,4,8,22,13,3,3,2,2,2,5,24,2
17,7,5,3,3,7,19,24,14,4,2,2,2,3,11,22,2
14,6,4,3,3,4,16,16,7,2,1,2,1,2,6,10,2
10,5,2,3,3,4,7,15,8,2,1,4,3,4,6,14,2
18,3,2,3,2,3,17,19,12,2,1,2,2,2,14,10,2
12,6,4,3,3,6,11,15,9,3,2,2,2,3,8,7,2
16,5,4,5,3,6,7,33,8,4,2,3,2,2,5,16,2
9,4,3,3,3,4,9,14,6,3,2,3,2,2,11,13,2
18,3,2,2,1,3,17,15,20,1,1,2,1,2,12,8,2
12,4,2,5,3,5,13,28,9,2,3,5,4,5,11,18,2
14,4,4,3,2,3,20,23,16,3,2,1,1,3,12,22,2
8,4,3,2,2,3,7,14,5,3,2,1,1,2,5,10,2
7,4,3,3,3,4,16,21,5,3,2,2,2,2,12,20,2
13,6,3,3,4,5,11,14,7,5,2,2,2,2,9,13,2
16,3,3,1,1,3,9,22,14,1,2,1,1,2,6,16,2
15,2,2,2,2,4,16,33,12,1,1,2,2,4,12,26,2
22,5,4,3,3,6,24,25,30,3,2,2,2,3,16,24,2
10,4,2,3,2,4,11,17,5,4,3,2,2,2,6,12,2
11,4,2,4,3,2,17,15,10,3,1,3,3,2,13,12,2
13,4,3,2,2,4,18,18,8,4,3,3,2,3,14,6,2
17,4,3,2,2,4,12,29,10,3,1,2,1,2,10,22,2
9,6,5,4,4,5,16,11,5,5,4,3,2,5,14,12,2
10,5,2,3,3,6,20,21,5,2,2,2,2,4,17,12,2
20,5,2,4,4,5,7,13,11,3,2,3,2,2,6,12,2
8,4,3,3,2,4,13,16,4,4,3,2,2,4,12,15,2
16,6,4,2,2,4,17,18,13,4,3,2,2,2,13,12,2
13,6,3,3,3,4,17,22,8,4,3,3,2,4,11,12,2
14,7,4,5,4,8,24,14,6,6,4,4,4,4,9,6,2
3,4,3,3,2,3,15,17,1,2,1,1,0,2,10,12,2
9,3,3,2,2,4,16,20,8,3,2,2,2,3,12,14,2
10,21,47,66,32,14,8,6,8,15,31,32,29,10,6,6,3
9,15,31,40,18,9,5,5,4,11,15,22,21,6,4,3,3
12,24,47,50,33,20,9,8,8,16,31,31,31,15,6,5,3
5,14,29,42,43,14,5,3,2,6,25,33,27,5,3,2,3
6,14,32,66,31,12,4,3,4,10,29,41,19,7,3,3,3
6,10,27,44,24,9,4,4,5,9,13,20,20,11,6,4,3
14,22,46,44,28,15,8,8,9,15,34,37,27,9,5,6,3
11,26,47,47,22,11,7,6,5,16,23,32,15,10,5,4,3
6,11,43,47,21,9,5,4,5,6,21,32,19,8,3,3,3
9,21,32,49,31,14,8,6,5,12,36,29,35,11,4,3,3
6,25,52,57,27,14,6,4,6,17,25,36,20,10,5,4,3
8,15,43,72,46,20,9,6,7,9,23,31,21,10,5,5,3
8,23,45,35,39,9,2,5,5,13,19,31,25,7,3,3,3
10,22,46,45,34,16,7,7,10,21,35,23,28,15,7,6,3
9,23,46,62,22,10,5,6,9,23,39,37,11,6,4,4,3
6,18,39,69,46,15,5,4,7,15,28,36,37,11,2,4,3
14,27,35,86,42,16,10,9,8,16,24,32,27,10,5,5,3
7,16,41,51,27,11,6,5,5,10,21,36,37,16,5,4,3
5,11,45,58,13,5,4,3,4,5,19,29,11,5,3,2,3
11,30,54,61,32,16,7,7,9,19,36,28,24,14,8,7,3
13,22,32,48,42,15,8,8,11,18,18,26,25,9,5,7,3
8,18,40,52,37,17,8,6,7,13,26,33,24,6,2,4,3
6,19,26,44,19,8,3,3,4,15,22,34,20,6,2,2,3
6,13,23,43,32,14,5,3,5,7,18,35,32,13,4,3,3
5,14,33,70,36,8,3,3,5,13,28,40,18,7,2,2,3
11,23,37,72,26,9,5,6,6,14,40,48,20,10,4,4,3
9,27,52,52,29,10,5,4,5,15,49,36,13,6,3,3,3
8,24,52,52,51,19,6,6,7,17,32,36,44,13,4,4,3
9,21,31,53,38,13,5,6,7,11,21,36,32,7,2,3,3
6,17,42,32,42,16,7,5,5,13,31,27,31,14,4,3,3
7,21,44,49,28,9,5,4,6,15,27,43,24,7,4,4,3
5,12,36,46,22,5,5,4,3,8,24,29,16,6,3,2,3
9,19,52,56,27,11,6,6,8,20,36,40,23,8,5,4,3
6,15,34,44,26,9,4,3,2,9,24,22,14,7,2,2,3
6,16,25,46,33,11,6,5,6,14,25,32,29,12,5,5,3
6,11,34,35,19,8,4,5,6,11,32,23,8,6,3,4,3
5,12,44,39,46,12,3,3,3,11,27,34,39,11,3,2,3
2,10,47,35,26,7,2,3,2,8,27,23,14,4,1,1,3
6,13,46,56,38,15,6,4,4,8,30,25,31,19,7,4,3
7,16,40,55,42,12,5,5,6,12,28,38,32,12,4,3,3
4,7,24,36,29,8,5,4,2,6,16,20,26,7,2,2,3
6,13,32,32,19,5,3,4,5,11,28,28,8,3,2,2,3
11,27,48,61,40,15,8,6,8,19,32,45,28,9,4,5,3
6,13,40,50,40,13,6,5,3,8,22,42,34,11,4,3,3
6,14,41,83,41,15,6,4,4,7,21,41,29,7,3,3,3
12,23,39,76,48,21,10,8,8,19,22,33,31,19,8,6,3
9,20,58,77,38,13,7,6,9,18,39,47,20,8,5,4,3
6,15,33,32,14,5,3,4,2,8,31,14,11,3,2,1,3
7,21,48,58,15,8,6,3,3,8,40,25,10,4,3,2,3
7,21,38,24,25,9,3,3,3,14,24,12,23,10,2,1,3
7,14,39,61,22,10,3,3,3,7,27,34,20,12,3,2,3
7,16,35,49,34,10,5,5,6,12,22,20,20,9,6,4,3
9,21,48,49,33,13,5,6,5,16,25,37,33,10,4,3,3
6,10,24,45,29,10,4,4,3,6,30,39,22,4,2,2,3
4,11,31,36,52,17,6,4,4,6,21,27,31,8,3,3,3
5,13,25,43,28,9,4,4,4,7,22,42,20,6,3,2,3
4,11,26,42,22,7,3,2,3,8,21,26,11,3,3,1,3
6,7,21,53,33,14,5,4,4,5,16,40,35,11,3,3,3
5,14,39,43,33,8,3,3,3,10,17,29,28,10,3,3,3
10,16,26,57,25,10,5,7,5,9,17,42,20,7,5,4,3
9,19,47,64,24,11,6,5,7,15,30,38,24,9,5,4,3
5,10,31,51,12,3,2,3,2,5,30,31,11,2,2,2,3
11,29,43,75,39,17,9,8,10,22,29,36,26,16,6,6,3
9,17,31,44,28,11,6,6,4,10,28,32,18,6,4,2,3
7,15,35,39,22,9,5,5,4,12,30,30,19,7,3,2,3
6,13,24,29,28,13,9,5,6,10,24,23,15,8,4,4,3
7,13,41,30,29,12,6,5,5,9,30,23,17,7,4,3,3
3,10,35,42,22,6,3,1,3,11,21,26,14,5,2,1,3
6,15,39,41,38,13,6,5,5,13,35,29,31,12,5,4,3
6,17,47,45,21,6,4,3,7,15,26,21,12,6,4,4,3
5,11,38,48,28,9,4,3,3,8,36,41,21,5,2,2,3
4,7,26,42,25,13,6,4,3,4,20,29,19,11,4,2,3
8,23,34,50,27,9,4,5,6,16,21,29,10,6,4,3,3
6,11,29,60,23,7,5,4,6,14,22,30,16,8,6,4,3
4,14,38,41,39,10,5,2,2,10,24,22,27,11,4,1,3
5,11,29,39,39,13,5,4,3,6,14,27,27,4,5,2,3
5,18,37,39,30,9,5,4,6,15,26,35,22,9,5,3,3
7,19,46,42,32,8,5,3,8,19,35,36,20,7,5,5,3
6,14,41,34,37,12,5,4,6,9,15,33,24,6,4,5,3
8,13,29,36,47,15,4,5,5,9,14,37,29,8,2,2,3
7,16,44,51,27,10,4,4,5,11,27,28,17,9,4,3,3
5,16,36,42,21,7,5,3,4,15,19,36,14,6,3,2,3
7,17,60,46,25,12,7,5,4,10,36,22,21,10,4,3,3
3,8,34,52,27,8,4,2,1,7,21,28,22,6,2,1,3
3,12,37,35,12,8,4,2,2,5,20,30,15,6,2,1,3
4,10,29,56,28,12,4,4,2,6,23,37,19,5,2,2,3
4,12,25,54,19,6,3,2,2,9,20,32,23,5,2,1,3
12,23,23,45,29,11,5,7,7,19,23,23,19,6,3,4,3
6,24,37,36,38,13,5,4,4,18,34,23,27,8,5,2,3
4,11,40,28,17,6,5,3,2,10,25,14,15,4,3,1,3
6,18,29,36,15,4,3,3,4,12,20,23,11,4,2,3,3
6,14,31,57,37,12,6,4,3,10,18,43,20,8,3,2,3
6,11,38,72,33,8,5,3,3,10,26,36,28,9,4,2,3
5,12,47,60,23,6,4,3,4,9,28,33,19,3,3,3,3
4,10,34,50,22,7,3,2,4,10,28,26,15,6,3,2,3
8,21,38,52,27,12,7,5,5,11,31,32,23,10,5,4,3
6,17,29,41,31,8,2,3,5,18,20,28,18,6,2,2,3
10,19,38,28,27,10,5,6,5,13,36,22,17,6,4,4,3
11,26,50,61,21,8,5,6,7,18,31,38,24,8,4,4,3
5,12,38,44,13,8,5,4,5,12,21,39,12,4,3,3,3
6,16,20,31,10,4,4,4,5,17,18,19,5,4,2,1,3
5,15,38,38,21,8,5,4,5,14,20,31,17,7,3,3,3
5,13,23,46,22,8,3,3,4,12,13,38,18,7,2,2,3
5,19,45,20,26,9,3,3,4,9,36,17,27,10,4,3,3
5,17,37,53,14,5,1,2,4,9,19,35,16,4,1,1,3
5,17,39,52,15,6,5,2,3,15,31,21,18,4,2,1,3
4,11,32,64,24,8,4,3,2,6,14,27,18,6,3,1,3
3,13,39,51,34,11,4,3,2,10,26,37,28,9,3,1,3
8,16,48,51,31,14,7,5,10,19,28,39,32,17,9,8,3
7,18,53,66,19,8,6,5,5,18,24,33,11,6,4,2,3
5,11,40,43,33,7,4,3,3,8,31,30,25,5,2,2,3
5,14,42,37,14,5,4,4,5,11,25,33,17,4,3,2,3
7,16,39,42,25,10,5,5,4,12,33,29,25,5,2,3,3
6,11,19,64,34,12,5,4,4,10,14,35,28,11,4,3,3
12,27,34,53,23,16,10,9,11,22,27,34,22,14,7,7,3
7,17,30,33,31,11,6,4,6,15,24,14,19,6,4,2,3
5,14,43,42,13,5,4,2,3,16,28,32,10,4,2,2,3
7,14,35,46,34,14,8,5,5,12,31,30,26,8,3,3,3
7,18,25,52,58,17,6,5,5,10,16,35,26,8,4,3,3
4,11,23,56,24,10,4,3,3,7,20,40,11,5,2,1,3
8,22,42,60,21,8,3,3,6,18,27,35,19,8,2,4,3
7,24,41,45,26,12,7,5,5,14,20,34,14,7,9,5,3
7,19,33,32,20,10,6,5,5,16,25,24,23,10,4,3,3
7,19,36,45,29,13,6,5,4,11,23,35,10,5,4,3,3
8,22,52,49,27,12,5,5,5,19,38,32,20,9,3,4,3
7,13,39,36,32,12,6,5,3,10,29,23,22,9,3,2,3
6,9,43,30,33,12,6,5,4,7,25,21,30,13,5,4,3
4,6,25,59,15,8,5,3,3,7,13,32,9,5,5,3,3
6,13,37,58,18,8,3,3,3,13,22,35,16,7,2,2,3
10,19,27,55,38,17,7,7,8,18,16,25,28,15,7,5,3
10,21,32,58,29,24,11,8,5,11,25,40,27,20,7,4,3
6,14,51,53,35,9,5,4,6,9,26,37,27,8,3,3,3
8,19,33,64,41,14,5,6,8,14,20,39,21,10,3,5,3
10,15,27,45,22,11,6,7,9,15,22,36,14,5,5,6,3
7,18,43,61,27,12,7,5,7,13,31,39,20,11,5,5,3
5,6,24,41,33,11,4,4,5,5,16,24,31,10,3,3,3
5,10,29,61,29,10,4,5,6,12,25,39,25,8,2,3,3
8,20,40,64,35,14,6,5,9,21,31,22,25,7,4,4,3
6,13,33,30,26,10,5,5,9,17,28,31,23,13,7,6,3
6,10,26,58,23,9,6,5,5,11,23,36,19,5,4,3,3
7,16,27,44,26,11,6,4,4,8,18,34,19,5,4,2,3
5,13,17,38,28,12,4,3,7,14,11,27,32,14,5,5,3
4,15,32,34,21,9,6,2,2,11,23,23,12,7,5,1,3
5,13,46,49,27,10,5,3,3,12,34,27,26,8,4,3,3
6,17,33,44,18,8,4,4,4,11,33,21,15,6,3,3,3
5,11,45,56,41,12,5,4,5,8,39,41,23,8,5,4,3
7,16,37,68,28,9,5,5,4,15,22,29,19,5,3,3,3
4,10,30,57,23,7,4,3,3,6,23,32,18,4,3,2,3
7,12,21,56,24,12,8,6,4,9,22,31,19,7,8,4,3
9,18,41,43,38,16,7,5,4,8,23,33,26,12,4,3,3
8,18,35,31,29,11,6,5,6,17,15,27,12,8,4,4,3
4,8,22,47,17,5,4,2,3,6,23,22,14,4,3,1,3
9,15,40,46,25,10,5,6,4,13,25,39,19,7,3,3,3
6,14,39,35,19,8,3,4,4,9,28,33,13,6,4,3,3
6,14,22,54,24,8,7,5,4,11,17,38,13,5,4,3,3
4,12,31,47,14,6,3,2,3,10,33,30,8,5,2,2,3
5,11,32,50,26,7,4,3,5,8,21,33,15,5,2,3,3
3,9,29,64,25,7,2,2,2,8,14,28,14,4,1,1,3
5,9,21,53,24,11,4,3,3,6,17,21,26,6,2,2,3
5,10,24,66,32,11,4,4,2,6,20,37,24,9,3,2,3
5,9,21,42,27,11,3,3,3,6,14,25,26,8,3,2,3
6,12,43,62,27,8,5,5,5,12,26,29,19,7,2,3,3
6,13,33,56,19,8,6,5,4,6,23,29,12,5,4,3,3
5,8,23,31,16,6,3,3,1,4,15,26,9,5,2,2,3
6,19,46,59,22,9,4,3,3,10,23,31,16,5,2,1,3
6,11,20,44,16,6,3,4,2,10,12,31,15,5,3,3,3
3,7,16,50,15,6,4,2,2,3,19,23,12,5,3,1,3
5,11,24,49,15,8,6,3,3,7,16,32,14,5,3,2,3
3,9,23,35,16,8,5,2,2,7,21,27,9,6,3,2,3
4,8,32,43,21,9,5,3,3,5,31,27,12,6,4,3,3
6,15,48,45,13,8,5,4,4,11,25,21,8,2,2,3,3
3,8,25,32,22,8,3,2,3,7,16,20,24,8,2,1,3
5,11,25,42,24,9,5,4,4,9,25,22,17,8,4,3,3
4,10,21,70,22,9,4,3,3,9,22,34,16,4,1,2,3
4,12,33,27,11,2,3,2,3,9,17,29,8,2,2,2,3
5,10,28,49,11,7,5,3,3,7,22,32,9,6,3,2,3
8,22,16,33,34,14,4,4,7,15,14,32,21,9,3,3,3
9,20,45,72,42,15,7,6,5,15,24,37,36,12,4,3,3
7,21,34,77,26,15,5,5,5,13,25,33,21,6,3,3,3
5,10,42,38,33,9,4,4,3,4,23,35,15,6,3,2,3
5,10,28,58,34,13,4,4,4,7,20,39,33,14,5,2,3
5,12,23,41,24,6,3,2,4,8,26,34,11,5,3,2,3
8,18,33,43,36,14,6,5,5,14,27,28,20,9,4,4,3
6,21,20,36,32,9,4,4,5,14,22,26,15,6,2,3,3
5,9,19,36,19,8,4,3,3,6,15,26,13,6,2,2,3
6,16,32,49,14,7,5,3,4,10,26,34,11,5,3,2,3
7,20,32,50,27,9,4,4,5,18,30,35,15,5,3,3,3
5,13,29,72,27,9,4,3,5,12,24,44,18,6,3,4,3
5,10,31,34,16,6,3,3,3,5,20,29,12,5,2,2,3
1,5,34,30,9,5,4,1,1,4,18,27,8,3,2,1,3
4,15,44,29,29,10,4,3,3,11,33,21,25,8,3,2,3
6,10,39,45,29,12,6,4,4,8,33,21,37,10,3,2,3
7,16,28,51,30,10,5,4,6,10,18,28,21,8,4,4,3
4,9,25,64,31,11,4,3,3,10,34,37,23,10,2,3,3
3,10,24,43,12,4,3,2,2,5,18,31,9,4,2,1,3
6,16,30,47,28,10,5,4,5,13,15,34,28,9,4,3,3
4,8,18,33,13,5,3,2,4,7,12,15,9,5,3,3,3
3,7,16,44,14,5,3,2,2,7,15,37,9,4,2,1,3
5,10,38,56,22,9,5,4,4,7,21,35,13,6,2,2,3
6,15,43,55,36,14,3,5,6,12,32,33,20,7,3,3,3
8,20,48,60,26,9,6,5,4,11,24,29,18,7,3,2,3
2,5,27,38,13,5,2,2,2,3,24,32,10,3,1,2,3
4,11,24,42,12,9,5,3,3,8,13,35,8,4,3,2,3
5,12,20,56,25,11,5,4,5,11,15,39,18,7,4,4,3
8,17,29,46,22,10,6,5,7,16,24,32,16,9,5,5,3
7,16,40,61,35,12,6,5,6,14,28,43,27,10,5,5,3
6,14,34,45,19,8,4,3,4,13,28,17,12,2,2,2,3
7,19,65,46,18,12,6,4,5,16,31,37,17,4,4,3,3
6,17,35,33,17,6,3,3,3,9,27,32,13,4,1,2,3
11,21,35,36,34,12,6,6,8,14,23,26,22,9,5,5,3
10,24,29,36,34,15,8,7,9,11,28,22,24,14,6,6,3
6,17,46,26,24,7,4,5,3,14,28,31,16,7,2,2,3
4,10,35,41,15,6,3,1,2,5,20,24,14,6,2,1,3
3,6,17,18,14,5,2,2,4,8,10,14,9,4,2,2,3
3,10,35,23,13,4,2,2,3,8,24,14,9,5,2,2,3
4,8,30,28,22,5,3,3,3,8,20,21,5,3,2,2,3
6,17,34,62,20,7,3,4,4,11,26,32,18,7,3,3,3
7,18,36,42,15,6,4,5,3,14,20,30,10,3,2,2,3
11,27,55,55,25,9,6,7,6,20,28,28,20,11,5,4,3
11,24,39,63,47,18,7,7,8,18,29,27,31,18,5,6,3
5,14,39,50,20,8,5,4,3,10,28,27,15,5,3,2,3
6,16,48,41,41,12,5,5,4,11,19,19,26,7,3,3,3
4,10,37,29,23,8,3,2,3,5,17,22,17,6,3,2,3
5,16,32,39,12,4,3,3,4,9,19,28,11,3,2,2,3
3,7,16,40,11,5,4,2,1,5,8,29,9,4,2,1,3
5,19,30,31,12,4,3,2,3,13,16,22,10,4,1,1,3
2,9,32,34,10,4,3,1,1,5,22,30,5,2,1,0,3
4,13,19,37,10,4,2,2,4,16,18,31,4,2,1,2,3
3,9,30,39,10,5,3,2,2,5,24,25,7,2,1,1,3
3,10,20,38,16,7,3,2,2,9,16,24,12,4,1,1,3
2,8,31,59,17,6,2,2,2,6,22,36,10,3,1,1,3
2,6,14,24,22,7,2,2,2,4,6,24,14,5,1,1,3
5,15,23,27,10,5,3,3,3,10,22,24,6,2,1,1,3
2,6,27,29,6,2,1,1,1,4,26,21,3,1,0,0,3
4,10,21,35,14,7,3,2,3,8,21,32,10,6,3,2,3
3,7,18,31,12,4,2,2,1,4,15,19,7,2,1,1,3
2,5,27,37,8,4,2,1,1,3,20,26,5,2,1,1,3
4,14,31,43,18,5,2,2,4,7,22,37,15,5,2,1,3
9,19,50,61,31,12,6,6,3,12,32,46,23,7,2,2,3
3,12,31,38,13,4,2,1,2,6,25,17,10,3,3,0,3
4,11,28,29,11,7,3,2,2,10,16,25,10,3,2,1,3
8,18,28,33,23,7,4,4,5,22,17,33,12,5,3,2,3
3,11,27,18,17,6,3,2,2,10,20,15,11,4,1,1,3
4,12,35,46,13,4,4,3,4,5,21,34,10,4,2,3,3
2,10,34,29,19,5,2,1,1,9,23,18,10,3,1,1,3
3,9,23,40,15,5,2,2,3,5,23,30,7,3,3,2,3
4,12,31,23,9,5,2,2,2,8,15,18,6,2,0,1,3
2,7,13,39,9,4,1,1,1,4,6,30,6,2,1,1,3
2,5,20,21,6,4,3,2,1,4,13,18,5,2,1,1,3
4,8,15,40,7,5,2,1,2,5,9,29,5,3,1,1,3
3,10,24,32,10,6,3,2,2,7,18,16,9,4,1,1,3
2,3,12,41,10,4,2,1,1,3,8,33,8,3,2,1,3
3,7,38,47,13,6,2,2,2,5,18,29,10,3,1,2,3
3,6,17,21,8,2,3,2,2,4,13,16,6,2,1,1,3
3,5,24,43,12,5,3,2,3,5,18,16,5,3,1,2,3
5,12,27,29,12,8,4,3,4,7,13,24,6,2,2,1,3
3,10,18,48,21,7,2,1,3,9,9,33,18,7,1,1,3
3,7,17,17,10,4,2,2,2,5,12,15,5,3,1,1,3
2,6,14,21,4,3,2,2,2,5,12,9,3,2,1,1,3
2,4,14,29,12,4,1,1,1,3,9,27,5,2,0,0,3
2,6,18,23,7,5,4,2,2,4,11,18,4,3,3,1,3
4,5,17,46,10,4,2,2,3,4,11,32,12,5,2,2,3
3,8,13,19,9,4,2,2,3,6,11,15,8,5,2,2,3
2,6,22,23,6,3,2,1,1,4,19,22,4,1,1,1,3
3,6,24,37,10,5,2,2,1,4,16,25,6,4,1,1,3
9,16,29,55,41,19,9,7,8,12,16,34,22,11,5,5,3
8,26,38,61,28,13,5,5,5,23,19,29,15,8,2,3,3
3,12,38,47,28,8,3,2,1,6,29,42,12,6,3,1,3
2,9,23,46,16,7,2,2,2,7,23,31,7,6,2,1,3
4,15,40,38,16,6,4,2,3,9,32,29,11,4,2,2,3
4,13,34,31,33,12,5,3,3,12,21,32,28,9,4,2,3
3,8,26,42,21,7,3,2,2,11,22,33,11,3,2,1,3
2,4,25,29,14,7,2,2,1,3,14,32,11,5,2,2,3
4,9,32,27,10,5,2,2,2,5,17,23,10,7,3,1,3
7,17,15,26,23,9,4,5,7,18,8,32,16,7,4,5,3
4,14,36,57,14,6,5,3,3,11,21,36,10,3,2,2,3
2,5,13,32,8,4,2,1,1,3,9,22,5,2,1,1,3
2,7,20,36,9,6,3,2,2,5,19,17,5,2,2,1,3
2,7,15,24,7,5,2,2,2,3,11,29,5,3,2,2,3
3,8,28,26,15,5,3,2,2,8,18,25,8,3,2,2,3
2,9,28,50,11,4,1,2,1,7,20,20,6,2,1,1,3
3,15,45,34,25,9,3,3,4,11,23,19,21,8,3,3,3
8,19,21,62,27,11,7,6,8,17,15,31,13,8,7,5,3
9,28,54,61,30,12,6,6,5,12,37,42,15,6,4,4,3
7,15,31,42,52,16,7,5,5,11,30,32,28,12,5,4,3
6,19,46,56,27,9,4,3,5,14,30,39,28,7,3,2,3
8,14,31,41,30,10,6,6,5,8,28,22,17,8,4,3,3
7,14,45,43,37,15,5,4,7,16,23,33,31,8,4,5,3
5,10,27,31,27,9,4,3,3,8,19,16,14,5,3,2,3
6,16,27,46,33,10,4,3,3,9,29,42,19,6,2,2,3
5,10,30,40,22,8,4,4,3,7,13,44,13,5,2,2,3
6,14,37,57,21,7,4,3,3,5,20,41,20,6,2,2,3
3,7,26,32,9,3,2,3,2,6,22,24,8,2,2,1,3
4,11,27,52,21,9,3,3,4,6,20,36,18,8,3,2,3
4,13,29,30,14,5,2,2,4,11,16,17,15,6,3,3,3
4,15,12,28,14,6,2,2,2,9,11,26,9,4,1,1,3
5,10,21,44,16,9,5,4,3,5,14,21,10,6,3,3,3
2,6,14,30,13,3,2,1,2,6,7,30,8,3,1,1,3
2,7,21,22,10,5,4,3,2,3,13,17,5,3,2,2,3
6,12,34,56,22,13,7,5,5,9,29,40,14,9,3,4,3
1,2,3,2,1,0,0,0,0,3,3,2,0,0,0,0,0
0,1,3,6,1,1,0,1,0,1,4,3,1,0,0,0,0
0,1,3,5,1,0,0,0,0,0,1,3,0,0,0,0,0
0,0,4,4,1,0,0,0,0,1,2,5,1,1,0,0,0
0,1,3,3,1,0,1,0,0,1,2,2,1,0,0,0,0
1,5,3,2,0,1,0,0,0,6,4,1,0,0,0,0,0
1,1,3,2,1,0,1,0,0,0,2,3,0,0,0,0,0
0,1,1,1,0,0,0,1,0,1,0,1,0,0,0,0,0
1,1,4,1,1,0,1,0,0,1,3,2,1,0,0,0,0
0,1,3,2,0,1,0,1,0,1,3,1,0,0,1,0,0
1,1,5,4,1,0,1,1,0,1,3,4,1,0,0,0,0
0,2,7,3,1,0,0,0,0,1,5,2,0,0,0,0,0
1,2,6,4,1,1,0,1,1,2,8,3,1,0,0,1,0
0,0,5,2,1,0,1,0,0,0,5,2,0,0,0,0,0
0,1,5,1,1,1,0,0,0,0,5,1,0,0,0,0,0
1,1,4,3,0,0,1,0,0,1,2,2,0,0,0,0,0
0,1,4,3,1,0,0,0,0,0,1,3,1,0,1,0,0
0,1,5,3,1,0,0,0,0,1,3,3,0,1,0,0,0
0,1,4,2,1,0,1,0,0,0,4,1,1,0,0,0,0
0,2,7,3,1,0,1,1,0,1,7,3,0,0,1,1,0
0,1,4,1,1,1,1,0,1,1,4,1,0,0,0,0,0
0,1,7,3,1,0,1,0,0,0,10,2,1,0,0,0,0
0,1,4,1,1,1,1,0,0,1,2,3,1,1,0,0,0
1,1,6,2,1,1,1,0,0,0,4,1,1,0,0,0,0
0,1,4,2,0,1,0,0,0,1,4,1,0,0,0,0,0
1,1,4,2,1,0,0,0,1,1,3,1,0,0,0,0,0
0,2,5,0,1,0,0,1,0,1,3,0,0,0,0,0,0
0,1,5,3,1,0,1,0,0,1,4,2,0,0,0,0,0
0,1,10,1,1,0,1,1,0,0,11,1,0,0,0,0,0
1,3,7,1,1,1,0,0,0,3,6,1,0,0,0,0,0
0,1,7,3,1,1,0,0,0,1,8,3,0,0,0,0,0
0,1,4,1,0,0,0,0,0,1,3,1,0,0,0,0,0
0,1,5,1,0,0,0,0,0,1,2,1,0,0,0,0,0
0,1,5,1,0,0,0,0,0,0,3,1,0,0,0,0,0
0,1,3,2,0,0,0,0,0,0,2,2,0,0,0,0,0
0,1,4,1,0,0,0,0,0,0,4,1,0,0,0,0,0
0,1,6,1,1,0,0,1,0,1,5,1,0,0,0,0,0
1,1,3,2,1,1,0,1,0,1,4,1,0,0,0,0,0
1,1,4,5,1,0,0,0,0,0,4,6,0,0,0,0,0
1,2,4,2,0,0,0,0,0,0,2,1,0,0,0,0,0
0,2,5,1,1,1,1,1,0,1,4,1,0,0,1,1,0
1,1,4,1,1,0,2,1,2,1,2,0,0,0,3,1,0
0,1,6,1,0,0,0,0,0,0,5,1,1,0,0,0,0
0,1,3,1,0,0,0,0,0,1,3,0,0,0,0,0,0
0,1,4,2,1,1,0,1,0,1,5,1,0,0,0,0,0
1,1,4,1,1,0,0,0,1,0,3,1,0,0,0,0,0
1,1,6,1,1,0,0,0,0,0,5,1,0,0,0,0,0
0,2,6,1,1,2,0,0,0,2,4,1,1,4,0,0,0
0,2,6,4,4,1,1,0,0,1,4,3,7,1,0,0,0
0,1,5,1,0,1,0,1,0,1,4,1,0,0,0,1,0
0,1,3,1,1,1,1,0,0,0,3,0,0,0,0,0,0
1,1,8,3,1,1,1,0,1,1,6,2,0,1,0,0,0
1,1,6,4,1,2,0,0,0,0,4,4,2,2,0,0,0
1,1,5,4,1,1,0,0,1,2,7,6,1,1,0,0,0
1,2,3,2,1,0,0,0,1,1,3,1,1,0,0,0,0
0,1,6,2,1,0,0,1,0,1,5,1,1,0,0,0,0
0,1,4,2,1,0,1,1,1,0,2,1,0,0,0,1,0
0,2,4,2,1,0,1,1,1,1,5,2,0,0,0,0,0
0,1,4,2,1,1,0,0,0,2,2,1,0,0,0,0,0
1,1,7,1,1,0,0,0,0,1,5,0,0,0,0,0,0
0,2,6,5,1,1,0,1,0,0,4,5,1,0,0,0,0
1,2,4,2,1,0,0,0,0,2,3,3,1,0,0,0,0
1,1,3,2,1,1,1,0,0,1,2,2,1,1,0,0,0
0,1,7,2,1,0,0,0,0,0,5,2,1,0,0,0,0
0,1,8,3,1,1,0,1,0,1,9,1,1,0,0,0,0
0,2,7,3,1,1,0,1,0,1,6,2,0,0,0,0,0
0,1,5,4,1,0,1,0,0,1,4,4,1,0,0,0,0
0,1,6,2,0,0,0,0,0,1,6,2,0,0,0,0,0
0,0,4,1,0,0,0,1,0,0,2,1,0,0,0,0,0
0,1,3,3,1,0,1,0,0,1,2,2,0,0,0,0,0
1,1,3,3,1,0,0,0,0,1,3,2,0,0,0,0,0
0,1,5,3,1,0,0,0,0,0,3,2,0,0,0,0,0
0,1,7,3,0,0,1,1,0,1,5,3,0,0,0,0,0
0,1,6,1,1,1,0,0,0,1,3,1,0,0,0,0,0
0,1,3,1,1,1,0,0,0,0,2,1,1,0,0,0,0
0,2,6,2,0,0,0,0,0,2,4,1,0,0,0,0,0
0,1,2,1,1,0,0,1,0,1,2,1,0,0,0,0,0
0,1,3,1,0,0,0,0,0,1,2,1,0,0,0,1,0
1,0,2,2,1,1,0,1,0,0,1,3,1,0,0,0,0
0,1,4,3,1,0,0,1,0,1,3,4,1,1,0,0,0
0,1,3,1,1,0,0,0,0,1,2,1,0,0,0,0,0
0,2,4,2,1,0,0,0,0,1,4,1,1,0,0,0,0
0,2,6,2,0,0,0,1,0,1,6,2,0,0,0,0,0
1,1,3,1,1,0,1,0,0,1,3,1,1,0,0,0,0
0,1,2,1,2,1,1,0,0,0,2,1,1,0,0,0,0
0,1,4,1,1,1,1,1,0,1,2,1,1,0,0,0,0
0,1,4,2,0,1,0,0,0,1,4,3,0,0,0,0,0
0,2,6,3,1,0,0,0,1,3,7,3,1,0,0,0,0
0,2,8,1,1,1,0,0,0,1,6,1,0,1,0,0,0
0,0,4,1,1,0,0,0,0,0,2,1,1,0,0,0,0
1,1,3,2,0,0,0,1,0,1,4,1,0,0,0,0,0
0,2,5,2,0,0,0,1,0,1,6,1,0,0,0,0,0
0,1,6,2,0,0,0,0,0,1,4,3,0,0,0,0,0
0,1,5,2,0,1,0,1,0,0,2,2,0,0,0,1,0
0,1,5,3,1,0,0,0,0,1,3,2,0,0,0,0,0
1,2,4,3,0,0,1,1,0,1,3,2,0,0,1,0,0
1,1,2,1,1,1,1,0,0,2,2,1,0,0,0,0,0
0,1,4,2,0,1,1,1,0,1,3,2,0,0,0,0,0
0,1,3,2,0,0,0,0,0,1,2,1,0,0,0,0,0
0,1,2,2,0,0,0,1,0,1,3,1,0,0,0,0,0
0,1,4,3,1,1,0,0,0,1,4,4,0,0,0,0,0
0,2,4,1,0,0,1,0,0,1,4,1,0,0,0,0,0
0,1,2,2,1,0,0,0,0,1,2,1,0,0,0,0,0
1,1,3,3,0,1,0,1,0,1,3,2,0,0,0,0,0
1,1,4,3,1,1,0,1,0,1,2,3,0,0,0,0,0
1,1,4,1,0,0,0,0,0,1,3,3,0,0,0,0,0
1,1,3,0,0,1,0,0,0,1,2,0,0,0,0,0,0
0,1,4,1,0,0,1,1,0,1,2,0,0,0,0,0,0
0,1,3,1,0,0,0,1,0,1,2,0,0,0,0,0,0
1,1,3,2,0,0,1,1,1,1,2,2,1,0,0,0,0
0,0,4,0,0,0,0,0,0,0,4,0,0,0,0,0,0
0,1,4,1,1,1,0,0,0,0,5,1,0,0,0,0,0
0,1,4,1,0,1,0,0,0,1,3,1,0,0,0,0,0
0,2,5,2,1,0,0,0,0,1,3,3,0,0,0,0,0
0,0,3,1,1,0,0,0,0,0,3,1,0,0,0,0,0
0,1,3,1,0,0,0,0,0,1,3,0,1,0,0,0,0
0,1,6,1,1,1,0,0,0,1,5,0,1,0,0,0,0
1,2,6,2,0,1,1,1,0,2,5,2,0,1,0,0,0
1,1,4,1,1,0,0,0,0,1,3,1,1,0,0,0,0
0,0,4,1,1,0,0,1,0,0,4,0,0,0,0,0,0
1,1,3,1,0,1,0,1,0,1,2,1,0,0,0,0,0
0,1,1,2,1,0,0,1,0,1,1,1,0,0,0,0,0
1,2,4,1,1,1,0,1,1,1,3,1,0,0,0,0,0
0,2,4,1,0,0,0,1,0,2,3,0,0,0,0,0,0
0,2,4,1,1,1,0,1,0,1,4,2,0,0,0,0,0
0,1,3,0,0,0,0,0,0,0,2,0,0,0,0,0,0
0,1,1,0,0,0,1,0,0,0,1,0,0,0,0,0,0
0,1,3,0,0,0,0,0,0,1,3,0,0,0,0,0,0
0,1,4,1,0,1,0,1,0,2,3,0,0,1,0,0,0
0,2,4,1,1,0,0,0,0,2,3,1,0,0,0,0,0
0,1,4,1,0,1,0,0,0,1,5,2,0,0,0,0,0
1,1,4,1,1,0,1,0,0,1,3,1,1,1,0,0,0
0,1,4,4,1,1,0,1,0,0,1,3,0,0,0,0,0
0,0,3,1,0,1,0,0,0,0,3,0,0,0,0,0,0
0,1,3,0,0,1,0,1,0,1,2,0,0,0,0,1,0
0,2,3,1,0,0,1,0,0,1,4,0,0,0,0,0,0
0,1,3,1,1,0,0,0,0,0,3,0,0,0,0,0,0
0,2,1,1,1,0,0,1,0,1,1,2,0,0,0,1,0
0,1,3,2,0,1,0,0,0,1,2,2,0,0,0,0,0
0,1,2,1,1,0,0,0,0,1,2,1,0,0,0,0,0
0,1,3,2,0,0,0,1,0,0,1,2,0,0,0,0,0
0,1,5,1,0,1,0,1,0,1,5,0,1,0,0,0,0
0,1,2,2,1,0,0,0,0,1,2,1,0,0,0,1,0
0,1,3,2,1,1,0,0,0,1,2,3,0,0,0,0,0
0,1,4,2,1,1,0,0,1,1,3,3,0,0,0,0,0
0,1,3,0,1,0,0,0,0,1,3,0,1,0,0,0,0
0,1,3,3,1,0,1,0,0,0,2,4,1,0,0,0,0
0,1,5,2,1,0,0,1,0,0,3,1,1,0,0,0,0
0,1,3,1,1,0,0,0,0,1,2,1,1,0,0,0,0
0,1,4,0,0,1,1,0,0,0,3,0,0,1,1,0,0
0,1,5,2,1,1,0,0,0,1,3,2,1,0,0,0,0
0,1,2,1,0,1,1,1,0,1,1,1,0,0,0,0,0
1,1,2,1,0,1,0,1,0,1,1,1,0,0,0,0,0
1,1,4,1,0,0,0,0,0,1,2,1,0,0,0,0,0
1,1,2,1,1,0,0,1,0,1,2,0,0,0,0,0,0
1,1,5,1,1,0,0,0,0,1,6,0,1,0,0,0,0
0,1,3,3,0,0,1,0,0,1,3,5,0,0,0,0,0
1,1,2,1,1,0,0,0,0,1,2,1,0,0,0,0,0
1,1,4,1,0,0,0,0,0,0,4,2,0,0,0,0,0
1,1,3,3,0,0,0,1,0,1,3,2,0,0,0,0,0
0,0,6,2,1,0,1,0,0,0,4,2,1,0,0,0,0
0,1,2,1,0,0,0,0,0,0,2,1,0,0,0,0,0
0,1,5,1,1,0,0,0,0,0,3,1,0,0,0,0,0
0,0,3,1,1,0,0,1,0,0,5,1,0,0,0,0,0
1,1,4,1,0,0,0,1,0,0,3,1,0,0,0,0,0
0,1,4,2,1,1,0,1,0,1,4,2,1,1,0,1,0
0,1,2,2,0,0,0,1,0,1,3,3,0,0,0,0,0
1,2,7,2,2,1,0,0,0,2,5,1,1,0,0,0,0
0,1,4,2,0,0,0,1,0,1,2,1,0,0,0,0,0
0,1,3,1,0,1,0,1,1,1,3,2,0,0,0,0,0
0,1,3,2,1,0,0,0,0,1,2,2,0,0,0,0,0
0,0,2,1,1,0,1,0,0,0,2,2,0,0,0,0,0
1,1,4,1,1,0,1,0,0,0,2,1,0,0,0,0,0
1,1,3,2,1,1,1,1,0,1,1,4,1,0,0,0,0
0,1,2,1,1,0,0,1,0,0,2,0,1,0,0,0,0
0,1,3,1,0,0,0,0,0,1,3,1,0,0,0,0,0
0,0,4,1,1,0,0,0,0,1,2,1,0,0,0,0,0
0,1,2,2,0,0,0,0,0,1,1,1,0,0,0,0,0
1,1,3,1,0,0,0,1,0,1,1,1,0,0,0,0,0
0,1,3,1,1,1,0,1,1,1,2,2,0,0,0,0,0
1,1,2,2,1,1,0,0,0,1,1,1,1,0,0,0,0
1,1,4,1,1,0,0,0,0,0,4,1,1,0,0,0,0
0,0,3,2,0,0,1,0,0,0,3,1,1,0,0,0,0
0,1,4,1,0,0,0,0,0,1,5,0,0,0,0,0,0
1,1,8,1,1,0,0,0,0,1,7,1,1,0,1,0,0
1,0,4,1,1,1,1,0,0,0,4,0,0,0,0,0,0
0,1,4,0,0,0,1,1,0,1,3,0,0,0,0,0,0
0,2,4,1,1,0,0,0,0,1,4,1,1,0,0,0,0
1,2,4,1,0,0,0,0,0,1,3,1,0,0,0,0,0
0,1,7,2,1,1,1,0,0,1,4,2,1,0,0,0,0
0,0,2,1,0,0,0,0,0,0,3,0,0,0,0,0,0
1,1,5,0,0,0,0,1,1,0,5,0,0,0,0,0,0
0,1,1,1,0,0,0,0,0,1,1,0,0,0,0,0,0
0,1,3,0,1,1,0,1,0,0,3,0,0,0,0,0,0
0,1,4,1,0,0,1,0,0,0,3,0,0,0,0,0,0
0,1,3,0,1,0,1,0,0,0,3,0,0,0,0,0,0
1,2,3,1,0,1,0,0,0,1,2,2,0,0,0,0,0
0,1,4,0,0,1,1,0,0,1,3,0,0,0,0,0,0
0,1,2,1,0,0,0,1,0,0,1,0,0,0,0,0,0
1,0,5,1,1,0,0,0,0,0,4,0,0,0,0,0,0
0,2,4,1,1,0,0,0,0,1,2,0,0,0,0,0,0
1,1,5,1,0,1,0,1,0,1,5,1,0,0,0,0,0
0,1,3,1,0,1,0,1,0,1,3,1,0,0,0,0,0
0,1,3,0,0,0,0,0,0,2,2,0,0,0,0,0,0
0,1,3,1,0,0,0,0,0,0,2,0,0,0,0,0,0
0,1,3,1,1,1,0,0,0,0,2,1,0,0,0,0,0
0,0,6,2,1,1,1,0,0,0,5,2,0,0,1,0,0
0,1,3,1,0,1,1,0,0,1,3,0,0,0,1,1,0
0,1,6,2,0,1,1,0,0,1,4,1,0,0,0,0,0
1,2,4,1,1,1,0,1,1,1,3,3,0,0,0,0,0
0,1,2,1,0,0,0,0,0,0,3,0,0,0,0,0,0
0,1,3,1,1,0,1,0,0,2,3,0,0,0,0,0,0
0,1,2,2,1,0,0,1,0,0,1,3,0,0,0,0,0
0,1,1,1,1,1,0,1,0,1,2,1,1,0,0,0,0
0,0,3,1,0,1,1,0,0,0,1,0,0,0,0,0,0
0,1,5,2,0,0,1,0,0,1,3,1,0,0,0,1,0
0,1,3,1,1,0,0,0,0,1,2,1,0,0,0,0,0
0,1,3,2,1,0,0,0,0,0,3,3,0,0,1,0,0
1,1,5,2,0,0,1,0,1,1,3,3,0,0,0,0,0
0,1,2,1,0,0,0,0,0,0,1,1,0,0,0,0,0
0,2,4,0,1,1,1,1,0,0,2,0,0,0,0,0,0
0,1,2,0,1,1,0,1,0,1,1,0,0,0,0,0,0
1,1,2,1,0,1,0,0,1,1,4,0,0,0,0,0,0
0,1,2,4,1,1,0,0,0,1,2,4,0,0,0,0,0
0,0,4,2,1,0,0,1,0,0,3,1,0,1,0,0,0
1,0,3,1,1,0,1,0,0,0,2,2,0,1,1,0,0
0,1,2,1,1,0,0,0,0,0,1,1,0,0,0,0,0
0,1,5,1,1,1,0,0,0,1,4,1,1,1,0,0,0
1,1,4,0,0,0,1,0,0,1,3,0,0,0,0,0,0
1,1,3,0,1,0,2,1,1,1,3,0,0,0,2,2,0
0,1,4,0,0,0,0,1,0,0,3,0,0,0,0,0,0
0,1,4,1,0,0,0,0,0,1,4,1,0,0,0,0,0
0,0,2,0,0,0,0,1,0,0,1,0,0,0,0,1,0
0,1,2,1,1,0,0,1,0,1,2,1,0,0,0,0,0
0,0,1,1,0,0,0,1,0,0,1,1,0,0,0,0,0
0,1,4,1,0,0,0,1,0,0,2,1,0,0,0,0,0
0,0,4,1,1,0,0,0,0,0,3,1,0,0,0,0,0
0,0,3,1,0,0,1,0,0,0,4,1,0,0,0,0,0
1,2,6,3,1,1,0,1,0,2,12,4,2,1,1,0,0
1,2,6,2,0,0,0,0,0,2,4,1,0,0,0,0,0
1,1,2,1,1,1,0,1,0,1,1,0,0,0,1,0,0
0,1,4,1,0,0,0,0,0,0,4,1,0,0,0,0,0
1,1,1,1,1,0,0,0,0,1,2,1,1,0,0,0,0
0,1,4,3,1,1,0,1,0,0,4,3,1,0,0,0,0
0,1,3,2,1,0,0,0,0,0,2,2,0,0,0,0,0
0,0,4,1,0,0,0,0,0,0,3,1,0,0,0,0,0
1,1,4,1,0,1,1,0,0,0,3,1,0,0,0,0,0
0,1,2,2,0,1,0,0,0,1,1,1,0,0,0,0,0
0,1,6,3,1,0,0,0,0,1,3,3,0,0,0,0,0
0,1,2,1,1,1,0,0,0,1,3,1,0,1,0,0,0
1,2,3,1,1,0,1,0,0,2,3,0,1,0,0,1,0
1,1,2,1,0,0,0,1,0,1,1,1,0,0,0,0,0
0,2,6,2,0,0,1,1,0,1,3,2,0,0,0,0,0
0,1,4,2,1,0,1,0,0,1,3,2,0,0,0,0,0
1,1,3,2,1,1,1,1,0,1,4,3,1,0,0,1,0
0,1,2,1,0,0,0,1,0,1,2,1,0,1,0,0,0
0,1,2,2,1,1,1,0,0,0,1,3,1,0,0,0,0
0,1,3,3,0,0,0,0,0,1,3,2,0,0,0,0,0
0,1,2,0,1,0,0,1,0,1,1,0,0,0,0,0,0
0,1,4,2,0,1,0,0,0,1,3,3,0,0,1,0,0
0,1,2,1,1,1,1,0,0,1,1,1,0,1,0,0,0
0,1,5,1,1,0,0,0,0,0,5,0,0,0,0,0,0
0,1,4,1,0,1,1,1,0,1,2,3,0,0,0,0,0
0,1,4,2,0,0,0,1,0,0,4,3,0,0,0,0,0
0,1,2,2,0,0,0,0,0,1,2,1,0,0,0,0,0
0,1,5,2,0,0,0,1,0,1,5,3,0,0,0,0,0
0,1,2,3,0,0,1,0,0,1,1,3,0,0,0,0,0
1,2,4,2,0,0,1,0,0,2,4,1,0,0,0,0,0
1,1,3,2,1,1,0,1,0,1,2,1,0,1,0,0,0
0,1,2,2,1,0,0,0,0,1,2,2,0,0,0,0,0
0,1,1,0,1,1,1,0,0,0,1,0,1,0,1,0,0
0,1,4,1,1,0,0,0,0,1,3,1,0,0,0,0,0
0,1,2,1,1,0,0,0,0,1,2,1,0,0,0,0,0
0,1,2,1,1,0,0,0,0,1,3,1,0,0,0,0,0
0,1,2,1,0,0,0,0,0,0,4,2,0,0,0,0,0
1,1,3,1,1,0,0,0,0,1,3,1,0,1,0,0,0
0,1,5,2,0,0,0,0,0,1,2,3,0,0,0,0,0
1,1,5,4,1,0,0,0,0,1,4,3,0,0,0,0,0
0,1,4,2,0,1,0,0,0,0,3,2,0,0,0,0,0
0,1,3,1,0,0,0,1,0,0,1,1,0,0,0,0,0
0,1,4,3,0,0,1,0,0,0,3,2,0,0,0,0,0
0,2,5,2,1,0,0,1,0,1,3,1,0,0,0,0,0
0,1,2,1,1,0,0,0,0,0,2,0,0,0,0,0,0
0,1,2,1,0,0,0,0,0,1,2,0,1,0,0,0,0
0,1,3,2,1,0,0,0,0,1,4,1,0,0,0,0,0
0,1,2,0,1,0,0,0,0,0,1,0,0,1,0,0,0
0,0,3,1,0,0,0,1,0,0,2,0,0,0,0,0,0
0,1,1,1,0,0,1,0,0,0,1,1,0,0,0,0,0
0,1,3,2,0,0,0,0,0,1,3,3,0,0,0,0,0
0,1,4,1,0,0,0,1,0,1,3,1,0,0,0,0,0
1,0,1,1,1,0,0,0,0,0,1,0,0,0,0,0,0
0,0,2,1,1,0,0,0,0,0,2,0,0,0,0,0,0
0,1,4,1,1,0,0,1,0,1,2,0,0,0,0,0,0
0,1,3,1,1,1,1,0,0,0,3,1,1,0,0,0,0
1,0,3,2,0,0,0,0,0,0,3,2,0,0,0,0,0
0,0,1,1,0,0,0,0,0,0,2,1,0,0,0,0,0
0,0,3,1,1,1,1,1,0,1,1,1,0,0,0,0,0
0,1,2,1,0,0,0,1,0,0,2,1,0,0,0,0,0
0,1,3,1,1,0,0,0,0,1,2,1,0,0,0,0,0
0,1,3,3,0,0,1,1,0,1,4,4,0,0,0,0,0
22,32,20,49,45,12,7,16,13,15,16,26,23,8,5,10,1
28,30,15,37,20,12,15,23,28,17,9,34,14,8,11,17,1
10,26,14,24,24,7,13,18,8,33,9,24,12,5,8,13,1
8,21,15,16,22,6,5,9,4,15,12,8,17,3,4,6,1
16,23,27,22,12,6,7,10,9,17,21,11,11,5,4,6,1
24,26,37,23,12,4,8,22,14,12,31,25,7,2,7,13,1
34,43,26,36,30,20,19,30,28,37,20,27,19,10,21,32,1
15,20,14,22,18,11,9,17,10,15,9,29,22,15,6,10,1
16,19,9,23,12,5,4,11,9,16,7,21,13,4,3,10,1
13,13,13,19,16,9,5,13,10,8,9,18,7,6,3,10,1
14,18,21,11,8,3,5,10,10,11,13,13,7,2,5,9,1
12,16,19,14,13,6,7,12,10,8,17,13,10,6,10,11,1
18,20,15,24,20,10,10,19,16,13,11,14,17,5,9,18,1
25,25,26,17,9,7,12,26,14,16,25,12,5,4,7,11,1
20,23,18,14,10,9,14,25,15,25,10,11,7,6,9,19,1
11,18,16,10,9,6,9,15,9,10,9,8,5,5,6,10,1
25,17,12,21,19,9,10,22,27,19,8,16,14,7,7,21,1
16,16,27,17,13,8,7,14,11,12,19,14,7,4,6,9,1
13,15,20,11,10,5,9,13,8,9,9,6,7,4,5,16,1
15,22,22,26,14,7,12,17,11,13,11,16,14,7,12,26,1
21,15,20,15,16,7,10,25,21,16,15,18,13,5,8,22,1
20,19,17,18,11,9,11,15,13,11,13,19,13,5,6,12,1
12,16,17,16,16,6,7,16,11,10,9,12,13,3,5,12,1
18,13,13,13,14,5,8,19,9,10,10,13,12,5,5,12,1
15,26,11,15,8,4,7,19,7,16,10,10,5,4,6,14,1
17,15,13,22,11,7,9,19,8,12,8,17,6,2,6,14,1
13,18,19,15,23,11,9,12,11,12,11,14,14,6,7,7,1
26,20,13,12,17,13,13,22,17,12,4,12,20,11,10,17,1
23,22,30,18,11,10,10,18,17,18,23,8,12,6,6,12,1
14,19,21,22,8,4,8,11,14,16,15,24,8,4,4,6,1
12,13,19,24,14,6,7,8,8,9,16,13,16,4,7,7,1
21,15,13,30,9,6,9,15,14,12,9,17,7,6,5,7,1
14,19,9,14,24,9,9,15,11,12,8,13,18,4,4,10,1
13,14,15,22,18,9,11,17,10,17,12,16,10,8,7,11,1
22,19,16,24,10,4,8,13,13,10,11,22,7,3,10,10,1
20,25,20,11,13,3,8,13,10,17,6,9,10,2,6,10,1
19,26,13,9,13,8,13,24,20,18,12,10,10,7,11,19,1
15,17,14,12,24,11,9,11,12,21,13,16,25,8,8,12,1
25,31,14,11,24,10,10,23,16,16,14,7,24,8,7,17,1
14,12,8,16,12,6,12,13,10,11,8,8,6,3,7,12,1
12,15,14,16,14,4,6,8,10,5,11,11,10,3,5,4,1
18,20,18,15,9,7,10,18,13,14,11,9,5,5,9,17,1
17,19,16,19,6,6,11,17,13,11,12,13,4,4,6,13,1
10,15,11,13,13,5,7,12,13,8,10,13,7,5,7,13,1
11,16,10,13,17,7,7,11,9,15,6,9,10,6,6,7,1
17,11,9,19,14,8,10,10,9,6,6,13,15,7,8,9,1
6,7,7,18,12,5,7,12,6,7,7,12,9,5,6,10,1
16,16,12,19,15,8,8,15,11,8,7,19,10,4,6,7,1
14,17,14,15,10,5,6,10,9,10,10,11,5,3,6,7,1
8,12,16,16,10,5,7,9,6,5,15,19,4,4,5,8,1
13,21,14,8,18,9,9,13,8,13,10,6,24,7,7,10,1
17,21,13,11,9,4,9,16,10,14,12,6,10,2,6,9,1
12,21,12,15,10,3,5,14,9,13,6,15,9,2,3,7,1
14,15,16,15,15,3,5,12,11,13,11,9,9,3,4,10,1
18,17,14,16,12,3,7,13,8,13,9,12,10,3,5,8,1
23,22,21,14,9,6,7,10,16,16,18,12,12,3,6,11,1
13,17,16,21,12,9,14,21,11,13,9,12,11,9,12,16,1
12,20,20,12,12,10,13,23,7,14,10,8,5,6,9,18,1
13,18,16,11,9,5,9,13,9,8,9,5,5,4,9,12,1
8,15,13,13,12,3,6,9,6,8,9,13,8,2,3,6,1
16,16,13,6,7,5,9,16,8,13,9,3,3,3,5,11,1
19,13,12,11,12,8,12,21,11,9,8,7,6,5,7,9,1
9,8,13,11,9,6,9,13,7,6,13,12,8,5,5,7,1
14,17,5,12,5,5,9,14,7,14,5,7,4,3,4,8,1
13,18,14,25,23,7,8,14,7,12,12,22,23,8,6,12,1
14,13,12,18,13,6,7,12,9,10,11,9,9,4,4,7,1
10,14,14,11,9,5,7,12,8,12,8,12,5,4,7,9,1
15,20,7,11,12,4,3,8,9,12,6,10,10,3,2,5,1
11,14,10,14,12,6,7,14,10,8,9,6,10,3,6,15,1
15,14,9,14,10,6,8,11,12,9,7,10,12,6,5,9,1
13,14,8,7,16,11,10,16,8,10,6,10,16,12,5,9,1
15,14,14,13,14,8,10,16,12,10,10,11,8,6,9,13,1
15,18,5,12,13,8,10,17,10,10,3,11,10,5,6,11,1
16,13,9,11,11,4,6,14,12,9,6,6,8,2,5,12,1
13,15,11,12,19,11,11,18,10,11,7,8,18,5,6,10,1
18,18,12,14,16,7,8,17,10,11,11,11,7,4,7,11,1
14,20,10,12,12,7,9,13,11,16,10,8,11,2,5,7,1
16,15,9,8,6,4,7,22,11,10,6,6,5,3,5,15,1
14,13,10,14,8,3,6,14,11,9,10,8,5,0,4,7,1
16,10,14,15,14,7,8,19,11,5,12,11,11,6,5,10,1
16,14,9,15,8,8,11,18,12,8,6,11,7,5,5,11,1
14,13,7,12,11,6,7,11,8,7,7,8,9,4,3,7,1
15,14,10,15,12,6,10,15,13,10,10,8,7,6,7,12,1
7,10,12,14,7,4,4,11,3,5,6,11,3,3,3,9,1
17,20,15,12,6,6,11,19,10,14,8,7,5,4,9,15,1
11,13,7,12,6,4,7,14,9,9,8,8,6,2,6,10,1
15,11,13,9,8,7,12,23,11,7,12,8,6,6,9,15,1
11,17,13,9,6,4,8,11,7,7,7,5,4,3,7,6,1
18,24,14,16,8,7,13,20,10,15,17,10,6,7,10,16,1
11,19,10,12,11,4,6,12,7,15,9,8,7,4,1,5,1
15,17,17,19,11,3,5,7,12,14,14,7,9,2,5,4,1
22,24,13,15,8,5,11,19,17,25,10,13,5,4,9,18,1
8,12,13,11,4,3,7,14,6,6,7,7,6,3,5,11,1
10,14,15,12,7,4,5,8,6,11,13,6,3,3,5,9,1
15,17,13,8,12,7,8,16,12,14,9,5,13,5,6,11,1
21,16,11,19,12,7,14,25,12,12,6,15,5,4,7,17,1
13,17,12,7,7,4,6,9,6,8,9,4,6,3,2,4,1
19,26,13,13,13,5,9,17,13,19,10,12,11,4,6,15,1
13,19,16,13,9,5,5,9,11,12,10,10,8,1,5,7,1
12,17,5,16,10,3,6,9,8,14,3,9,6,1,4,6,1
26,14,12,17,7,5,9,16,15,12,10,11,6,3,6,12,1
17,12,13,11,9,5,10,20,8,14,9,7,8,4,6,22,1
24,12,12,16,12,7,13,25,21,10,7,10,11,8,10,21,1
19,17,9,10,9,5,9,17,19,12,6,9,7,4,6,20,1
16,15,5,15,9,6,12,16,11,10,3,10,5,6,9,10,1
16,11,11,13,6,3,7,21,14,11,8,7,5,2,5,15,1
21,17,12,7,10,8,11,17,21,9,7,8,8,6,11,15,1
14,26,9,11,8,4,6,13,15,25,10,6,3,3,6,10,1
25,22,13,25,14,6,10,21,21,21,7,17,13,4,6,15,1
18,23,5,16,10,4,7,15,15,14,5,12,7,5,7,17,1
9,16,13,14,12,6,8,10,6,11,10,11,8,3,5,7,1
14,14,14,11,7,4,5,11,8,11,12,10,6,2,4,6,1
14,26,13,11,13,6,8,13,11,17,11,7,6,4,5,9,1
5,13,8,12,14,6,8,16,5,14,6,7,12,5,4,14,1
10,15,12,12,8,6,6,12,14,8,11,7,6,4,4,9,1
8,16,9,10,6,4,7,18,4,9,11,7,4,3,4,10,1
10,15,9,13,5,4,4,8,5,7,6,10,3,3,3,5,1
18,17,10,9,10,8,9,15,12,15,9,5,5,5,8,11,1
9,10,8,18,6,3,5,5,7,10,6,12,4,2,4,3,1
15,15,5,9,6,7,11,17,10,10,4,3,4,4,7,10,1
12,12,13,7,12,5,9,14,8,7,6,5,10,4,8,10,1
14,20,11,10,14,8,12,17,8,10,5,8,9,4,7,13,1
17,25,8,14,10,4,8,16,13,13,6,11,7,3,7,14,1
15,12,11,11,7,5,8,14,8,8,7,10,6,4,5,9,1
13,18,9,11,18,5,5,14,12,14,7,8,12,4,4,9,1
15,18,8,12,9,5,7,13,17,14,4,8,9,3,7,12,1
13,15,15,14,11,5,8,8,10,11,12,10,8,2,4,7,1
17,28,19,12,11,7,8,13,16,25,11,10,10,3,5,7,1
14,24,24,17,8,7,10,14,13,24,13,12,8,5,6,10,1
13,20,18,9,10,4,5,10,6,14,12,8,8,3,4,8,1
19,20,17,14,8,9,13,23,10,16,14,12,4,5,8,15,1
18,12,14,11,9,6,8,21,15,8,8,11,6,5,10,14,1
22,21,10,9,10,6,16,22,16,14,10,5,7,4,11,15,1
12,14,9,13,5,4,4,8,11,11,7,8,7,3,3,7,1
18,18,10,18,14,5,7,16,14,13,8,12,11,5,5,14,1
15,14,8,14,12,4,4,7,18,14,6,7,13,4,2,4,1
13,8,6,23,20,7,6,9,11,5,5,17,10,4,4,8,1
10,13,7,14,24,9,8,14,10,13,6,14,18,6,7,16,1
13,19,14,15,16,6,9,18,10,12,12,9,13,4,7,12,1
15,13,6,14,7,3,4,13,8,11,5,8,6,2,4,9,1
27,20,10,11,12,10,15,29,17,16,7,10,10,4,9,19,1
13,16,12,22,11,7,9,16,4,10,12,16,9,2,5,10,1
13,22,10,19,16,10,9,12,9,8,6,20,23,9,4,9,1
12,14,8,11,16,7,7,19,9,8,6,7,10,5,6,14,1
16,19,13,11,13,5,5,8,8,16,5,14,11,2,2,5,1
11,12,15,9,3,3,7,13,10,9,10,5,3,2,4,8,1
19,18,10,7,8,4,8,20,11,13,6,4,5,2,5,17,1
18,13,13,12,5,4,9,21,10,7,11,9,2,3,4,10,1
11,10,11,12,10,4,6,17,10,5,9,8,5,3,5,9,1
18,17,10,22,8,6,12,25,17,19,7,14,7,4,13,27,1
15,12,14,12,13,5,4,12,9,9,9,16,13,3,4,8,1
15,18,11,11,7,4,6,17,12,19,11,9,6,4,5,11,1
14,16,8,13,10,5,7,17,9,15,5,7,9,4,4,8,1
12,15,11,10,8,4,8,15,5,12,7,11,6,3,3,8,1
14,11,9,20,15,4,5,10,7,9,8,19,9,2,2,7,1
9,14,9,9,9,3,6,10,7,7,7,10,6,2,6,6,1
22,18,9,13,9,4,6,16,16,23,8,9,8,3,5,11,1
15,18,12,8,10,5,7,17,12,11,6,5,7,5,6,17,1
24,15,8,11,10,5,8,21,13,8,5,7,6,3,6,14,1
21,17,9,8,11,6,9,17,20,6,11,6,13,5,10,23,1
15,17,6,17,12,5,8,17,12,16,3,15,5,4,4,11,1
19,27,14,17,11,2,4,10,12,23,10,11,8,2,2,6,1
20,12,6,11,10,5,8,18,15,9,5,5,8,3,6,17,1
13,20,12,16,7,4,9,17,9,11,9,17,6,5,8,14,1
24,26,10,9,12,8,10,25,15,14,6,5,6,5,6,10,1
11,13,9,13,7,4,5,11,11,8,7,10,4,2,2,7,1
22,25,6,25,8,3,6,21,20,18,5,18,5,3,5,9,1
20,23,9,15,5,4,6,12,8,13,5,13,3,3,5,9,1
12,14,7,13,11,3,5,12,5,11,7,9,9,2,4,6,1
15,23,10,21,15,8,8,19,10,14,9,22,9,7,3,9,1
12,11,13,12,6,2,3,8,9,11,8,11,4,2,3,5,1
16,17,9,9,5,3,4,14,14,15,4,7,3,2,4,9,1
17,18,8,11,7,4,6,15,12,13,4,10,9,2,3,14,1
16,16,6,14,11,5,5,12,11,10,3,6,5,4,6,9,1
13,13,9,24,6,5,7,12,7,10,10,18,3,2,4,8,1
12,13,12,15,16,5,4,14,6,8,4,11,10,3,3,8,1
21,19,8,14,14,6,10,22,12,14,7,13,7,4,6,17,1
13,22,8,10,5,4,5,12,9,15,4,11,4,3,3,9,1
15,16,9,7,9,4,6,13,7,6,8,7,6,2,2,12,1
15,16,7,8,12,6,6,12,11,9,4,5,7,4,4,12,1
16,14,5,10,11,4,8,18,13,12,4,6,7,3,6,21,1
11,13,7,15,13,4,7,13,9,9,2,12,12,5,5,12,1
15,20,9,11,17,5,7,15,13,12,7,7,12,6,6,9,1
16,24,11,17,10,3,4,15,16,19,8,9,5,3,5,15,1
14,20,9,21,7,4,9,16,15,19,6,13,4,3,4,10,1
15,14,6,17,7,3,6,13,12,12,3,17,6,3,4,11,1
17,22,7,12,12,6,6,12,12,14,7,11,12,3,2,6,1
11,11,6,12,10,4,4,10,5,6,6,7,6,3,2,5,1
16,17,6,13,7,5,8,19,12,11,3,7,5,4,5,15,1
15,18,10,16,5,4,7,13,10,10,4,13,4,2,4,6,1
8,21,7,12,14,5,4,14,7,12,7,9,7,4,2,13,1
21,13,10,11,8,5,3,14,10,6,5,6,6,3,4,6,1
9,16,12,16,15,4,5,15,8,9,10,13,10,2,3,7,1
16,23,5,21,10,6,5,9,15,19,3,19,5,3,4,7,1
19,24,10,7,10,6,7,19,15,19,8,6,7,4,6,12,1
12,14,6,16,9,4,6,7,8,9,4,11,5,3,4,7,1
20,12,9,10,7,3,6,16,13,8,8,8,6,1,3,12,1
9,14,5,11,9,6,6,12,7,9,3,7,7,3,5,11,1
20,12,9,9,8,5,10,28,10,13,6,5,6,3,4,19,1
9,15,6,7,5,3,5,19,8,13,3,8,3,2,3,9,1
13,18,6,11,8,4,6,16,8,12,4,11,6,2,3,8,1
17,13,11,15,10,7,11,21,10,12,7,11,10,4,5,14,1
13,17,8,11,7,5,10,19,16,10,8,7,7,6,12,22,1
12,20,4,8,9,5,5,8,7,12,6,6,7,3,5,9,1
15,10,8,17,12,3,5,13,9,6,6,15,8,2,4,7,1
12,19,11,13,14,6,8,16,9,12,10,10,11,3,5,10,1
19,21,13,16,19,10,9,18,17,15,7,15,16,7,4,12,1
10,9,8,18,7,3,6,10,10,6,6,10,7,1,4,9,1
17,20,9,7,9,5,8,11,10,9,9,5,6,2,5,7,1
11,10,7,15,11,7,5,12,9,8,4,17,6,4,2,9,1
14,21,11,7,9,4,6,12,9,12,8,3,7,4,4,9,1
15,7,9,10,9,5,6,14,10,6,6,8,4,3,4,9,1
14,17,7,14,13,5,7,18,8,13,6,9,12,3,3,6,1
12,15,4,12,8,3,4,11,10,12,4,13,5,2,3,6,1
16,12,8,17,6,5,8,18,14,15,5,10,4,4,8,18,1
10,13,8,14,4,4,7,14,9,16,5,11,3,3,3,11,1
17,17,10,7,6,2,5,11,8,7,9,6,3,1,2,9,1
16,14,10,13,6,4,10,17,6,16,8,10,3,3,5,8,1
10,11,9,19,9,4,4,11,7,8,5,16,5,2,4,9,1
24,22,7,13,10,9,15,27,17,11,7,8,8,7,13,27,1
25,23,9,6,6,3,5,17,18,19,8,5,4,2,4,8,1
12,15,10,5,9,3,5,8,8,15,3,3,4,3,4,9,1
14,13,7,7,9,7,8,22,11,9,5,5,8,4,5,16,1
25,21,8,10,9,8,14,29,11,13,6,11,7,6,10,18,1
16,16,9,11,4,4,10,18,11,6,8,8,4,3,4,10,1
13,14,12,12,12,5,5,9,5,7,14,6,7,4,4,10,1
10,14,6,10,10,4,5,6,8,9,5,9,6,2,2,4,1
18,15,5,13,7,3,6,20,16,12,3,5,7,2,5,11,1
14,12,5,21,9,4,3,13,8,10,4,12,6,2,3,9,1
20,22,7,5,7,3,8,15,12,15,4,5,6,3,4,10,1
15,15,5,11,6,3,7,11,12,6,6,9,7,2,5,18,1
25,24,8,11,6,5,10,17,18,14,6,9,4,1,5,13,1
9,13,6,14,11,4,6,15,5,12,6,8,7,2,6,14,1
17,13,6,15,17,6,8,24,10,12,5,13,7,6,7,11,1
20,13,5,16,13,5,8,17,11,13,5,11,9,3,5,12,1
17,25,11,10,16,5,7,15,8,14,7,8,13,4,4,11,1
27,26,13,21,15,5,6,15,17,18,8,14,9,3,5,10,1
21,29,12,25,20,9,8,14,20,29,9,14,16,8,5,13,1
14,16,13,17,11,4,5,12,11,13,16,16,11,4,3,10,1
20,24,10,11,9,6,8,15,11,18,8,7,8,5,4,8,1
17,15,13,18,13,5,7,17,10,13,15,8,12,3,5,13,1
15,16,12,26,7,3,5,9,9,10,9,24,5,3,2,6,1
24,18,8,15,11,3,7,12,25,8,7,17,9,3,9,10,1
19,23,6,9,17,5,6,13,13,14,3,5,11,3,5,11,1
24,20,16,12,13,5,7,12,25,24,10,12,14,2,6,11,1
21,15,6,18,7,5,5,14,21,17,2,12,5,2,4,12,1
24,20,6,11,15,9,10,22,16,12,3,12,11,5,8,14,1
17,20,10,12,21,6,5,12,16,15,5,8,19,7,5,11,1
24,44,16,26,31,18,14,20,14,33,12,11,23,11,10,19,1
25,36,15,11,17,12,11,20,17,23,11,15,8,4,6,19,1
17,22,9,24,17,9,10,18,20,12,6,19,10,3,8,19,1
13,12,8,17,20,9,9,15,11,9,8,11,22,9,7,10,1
17,21,21,20,15,8,10,27,13,9,22,25,14,8,8,16,1
19,29,13,9,12,10,12,22,10,14,6,7,9,5,8,16,1
15,11,8,19,16,7,9,17,17,12,3,16,12,2,8,18,1
32,30,14,23,17,9,9,27,30,21,9,22,11,3,6,21,1
17,17,7,11,11,5,8,19,15,16,4,9,7,3,5,12,1
25,29,12,10,17,4,10,20,12,14,8,12,15,4,5,13,1
23,19,10,13,11,4,8,13,14,11,5,10,7,3,5,10,1
17,19,10,16,13,5,8,17,8,11,8,21,11,3,5,10,1
15,18,8,20,9,4,7,7,15,12,5,13,10,2,3,6,1
17,14,10,12,10,5,7,17,12,12,8,13,7,3,5,10,1
9,16,8,13,12,4,4,9,7,11,5,9,10,3,3,6,1
22,31,7,17,10,5,11,15,19,14,5,7,7,3,6,10,1
17,20,6,9,11,3,6,16,13,21,6,6,8,3,7,9,1
13,20,12,15,11,4,5,12,11,14,8,9,10,2,5,16,1
17,15,7,12,13,4,6,14,14,7,5,15,8,2,3,7,1
17,14,9,14,16,8,9,22,11,6,8,13,17,5,6,8,1
17,21,6,16,15,9,8,16,14,11,4,11,9,3,4,11,1
28,22,12,16,14,6,12,22,20,7,12,12,18,6,6,10,1
27,31,17,21,6,5,8,18,21,16,11,22,7,4,8,16,1
19,22,9,16,13,5,9,18,10,12,9,12,16,5,4,14,1
17,20,12,17,13,6,7,17,10,16,5,8,4,3,4,8,1
19,14,9,8,18,6,7,14,9,9,5,6,9,4,7,11,1
16,41,12,21,12,7,7,14,10,27,9,19,7,4,4,5,1
19,20,8,12,8,4,4,14,19,14,8,8,7,3,4,10,1
22,14,9,10,9,7,11,21,10,9,8,4,7,5,8,12,1
32,40,11,11,14,10,11,25,17,30,9,9,12,5,7,15,1
14,18,5,4,6,2,5,15,7,10,9,4,4,2,3,9,1
26,29,8,14,7,5,7,16,12,16,5,11,4,2,7,15,1
20,27,10,10,14,6,11,21,19,23,8,10,8,5,12,25,1
12,14,5,15,11,4,4,8,7,10,4,12,11,2,2,5,1
9,15,9,12,12,4,4,11,7,11,7,9,11,3,5,12,1
12,22,8,5,11,4,10,13,14,24,5,3,11,2,7,12,1
15,12,8,12,13,7,5,12,8,12,4,11,7,4,4,14,1
11,18,7,20,11,6,8,14,8,9,4,19,8,4,7,9,1
7,9,3,16,7,3,7,16,5,6,2,7,5,2,5,7,1
15,15,8,18,16,6,6,11,9,11,7,15,12,4,4,8,1
20,22,10,18,10,6,10,13,14,12,8,16,6,5,7,14,1
15,28,16,13,8,5,7,10,11,14,8,6,5,2,5,8,1
15,23,10,8,11,6,6,13,10,16,5,6,9,5,4,13,1
19,31,9,8,13,6,8,20,13,30,7,7,12,3,6,15,1
13,17,6,15,10,5,4,11,10,13,5,11,7,3,3,9,1
20,24,8,14,12,8,10,21,14,23,5,11,8,5,6,16,1
15,21,7,15,11,6,7,12,11,19,4,12,7,3,7,12,1
16,18,8,12,22,8,11,22,13,10,4,13,21,7,7,9,1
19,21,8,12,10,7,10,15,16,14,5,7,9,4,7,18,1
11,19,5,9,10,3,5,15,12,11,4,6,9,3,3,9,1
9,15,4,12,8,5,7,11,5,10,2,15,4,4,4,8,1
16,19,7,7,9,3,5,9,11,12,5,6,8,3,3,8,1
17,7,11,3,3,3,17,28,11,5,7,3,2,3,10,9,2
19,15,6,4,4,5,19,25,17,8,3,2,1,3,15,23,2
10,13,6,2,2,3,12,28,8,10,5,2,1,2,7,23,2
18,14,6,3,2,3,16,34,17,9,5,4,3,3,11,26,2
23,7,4,3,2,4,15,31,14,5,3,3,2,2,15,20,2
23,7,4,3,3,5,25,26,14,6,2,2,1,2,14,17,2
11,7,4,2,2,2,16,19,7,5,3,1,1,1,12,11,2
15,10,4,2,2,5,19,31,9,7,3,1,1,4,19,22,2
20,8,4,3,3,5,36,25,13,6,2,2,2,4,12,20,2
12,6,3,3,2,3,18,33,8,7,2,2,2,3,19,21,2
13,7,5,4,3,4,21,40,12,4,3,2,2,4,18,18,2
19,8,3,2,2,4,20,24,17,6,2,2,2,3,11,14,2
10,9,4,3,3,6,18,27,10,6,2,3,2,3,10,16,2
18,9,2,2,2,4,24,33,8,8,1,1,1,2,15,20,2
18,6,2,1,1,2,18,20,12,4,1,0,1,1,15,18,2
16,6,3,3,3,5,20,22,10,5,2,2,2,5,21,23,2
9,5,3,3,2,4,18,27,8,5,3,1,2,4,17,19,2
10,4,2,3,2,3,12,27,6,4,1,3,2,3,6,23,2
12,5,4,5,4,4,19,31,9,2,3,2,2,2,12,24,2
11,7,4,3,4,7,22,22,11,6,2,2,2,6,15,19,2
18,4,3,3,3,6,14,35,8,4,2,5,4,6,11,20,2
10,4,4,2,2,4,15,24,11,4,2,1,1,5,12,11,2
19,4,3,2,2,4,24,23,19,3,2,2,2,3,13,25,2
16,6,4,4,3,3,17,28,15,4,1,2,2,2,16,21,2
13,5,4,3,3,3,15,19,12,5,3,2,2,4,11,18,2
14,5,2,1,1,3,12,13,10,4,1,1,1,2,9,13,2
22,7,5,4,3,4,22,34,10,4,2,1,1,3,23,23,2
9,1,1,2,1,3,17,36,7,1,0,1,1,2,8,22,2
14,5,3,3,3,6,21,22,6,3,3,2,1,3,12,12,2
15,3,2,3,3,4,21,23,9,2,2,2,2,2,15,16,2
11,6,3,2,3,4,7,24,7,4,2,1,1,2,4,16,2
15,5,2,2,2,5,21,31,11,3,2,1,1,4,18,34,2
11,4,2,2,2,3,22,15,8,2,2,1,1,3,13,16,2
15,7,4,4,3,5,16,37,15,4,4,3,2,3,14,17,2
16,7,3,2,2,3,16,21,12,3,1,2,1,2,14,23,2
10,2,1,1,1,3,12,20,11,1,1,1,1,1,8,16,2
10,2,1,2,1,2,13,26,5,1,1,1,0,1,10,22,2
10,6,1,1,1,2,11,14,8,4,1,0,0,1,15,10,2
15,6,2,2,2,3,19,20,8,4,2,2,1,3,16,15,2
8,4,1,1,2,4,16,16,9,1,1,1,1,2,13,12,2
7,4,2,1,1,2,13,15,3,2,1,1,1,1,12,9,2
11,4,1,2,2,4,24,19,10,3,1,2,1,3,17,16,2
12,12,4,2,2,2,18,14,8,16,3,2,2,2,11,7,2
9,8,4,3,2,4,23,21,6,8,3,2,1,2,20,16,2
7,6,2,3,3,5,22,23,7,4,1,2,1,3,9,15,2
11,4,2,2,1,3,11,22,9,3,1,1,1,2,11,15,2
7,4,3,2,2,2,10,12,6,2,1,1,1,1,8,7,2
8,4,3,3,3,6,16,15,7,4,2,1,1,2,8,12,2
6,3,2,3,2,2,7,14,3,3,2,3,2,2,5,9,2
9,2,2,3,2,2,12,9,9,1,2,2,1,1,10,10,2
8,4,2,2,1,2,18,17,6,3,1,2,1,2,18,9,2
16,5,3,3,1,2,14,12,11,2,1,1,1,2,11,8,2
18,4,3,3,2,4,14,17,11,3,2,2,2,3,8,9,2
15,4,1,1,1,2,12,25,11,2,1,2,2,1,8,17,2
15,4,2,1,1,5,23,13,11,4,1,1,0,3,12,11,2
10,4,3,3,1,3,19,27,10,2,2,2,1,4,12,20,2
24,4,3,2,2,3,23,16,17,3,1,2,1,2,28,13,2
10,4,3,3,3,5,19,21,9,3,2,2,2,5,12,14,2
15,3,2,4,3,3,27,24,8,2,1,3,1,2,20,18,2
6,5,2,4,2,4,16,30,9,4,2,3,2,2,6,19,2
13,7,4,3,3,7,19,25,6,6,4,2,2,4,11,13,2
12,4,3,4,3,6,20,16,7,4,1,3,2,3,11,9,2
13,5,3,2,2,3,14,20,10,3,1,1,1,2,7,19,2
14,5,3,3,3,5,25,37,11,4,2,2,2,5,13,36,2
21,7,4,4,4,5,18,43,15,5,3,3,2,4,8,34,2
14,3,2,3,2,4,7,23,9,1,1,1,2,2,5,26,2
17,8,5,4,4,6,9,38,18,6,4,3,3,4,6,27,2
14,6,4,4,3,4,19,31,7,4,2,2,2,3,23,29,2
8,2,2,3,1,3,23,15,5,2,1,1,1,1,16,15,2
11,3,2,3,2,3,14,29,8,3,2,2,1,1,11,23,2
17,7,3,3,3,6,21,22,9,3,3,2,2,4,20,15,2
9,4,2,2,2,3,6,24,7,1,1,2,1,2,6,15,2
24,4,3,4,4,5,15,16,26,5,2,2,3,5,11,13,2
13,4,2,3,2,4,14,15,9,4,3,2,2,3,13,8,2
15,3,2,2,1,2,14,16,14,4,1,1,1,1,10,7,2
10,4,3,3,2,3,14,21,9,2,2,1,1,3,14,14,2
13,7,3,4,3,5,12,16,12,4,2,5,2,3,9,13,2
13,5,2,6,3,4,25,23,8,3,2,5,3,3,17,14,2
20,8,4,2,2,3,13,16,13,4,2,1,1,2,10,17,2
13,6,3,3,2,4,15,20,13,3,2,4,2,3,17,10,2
21,3,2,2,2,4,14,19,15,3,2,1,1,2,13,8,2
10,4,3,3,2,3,15,22,10,3,2,1,1,3,8,12,2
14,3,3,2,2,5,19,17,13,3,1,1,2,3,11,13,2
12,7,4,4,3,4,12,20,6,4,2,3,2,3,9,18,2
16,4,4,5,5,6,25,24,10,2,2,3,3,4,15,16,2
12,3,3,4,3,4,26,25,5,3,2,2,2,3,14,14,2
11,3,3,4,3,4,22,28,9,3,1,2,2,4,17,17,2
11,9,4,4,4,5,12,16,7,6,2,2,2,4,10,8,2
15,3,2,2,2,5,17,21,10,3,1,2,1,2,14,15,2
15,6,4,3,4,6,12,20,13,5,3,3,3,4,6,14,2
17,3,3,3,3,6,17,26,13,3,3,2,3,6,23,12,2
27,8,5,5,4,7,19,21,18,4,3,4,2,5,17,22,2
13,7,4,4,3,4,11,25,13,4,3,2,2,4,8,22,2
12,7,3,3,2,5,16,32,11,5,4,2,2,5,10,18,2
14,5,3,2,2,3,12,19,11,6,2,2,2,3,8,10,2
15,7,3,3,2,4,18,30,14,7,3,3,3,4,11,28,2
11,5,3,4,4,5,15,25,9,4,3,4,3,4,13,18,2
12,3,2,2,2,5,10,20,10,2,1,3,3,3,8,13,2
8,4,3,1,2,4,12,16,12,3,2,1,1,3,10,14,2
12,3,2,5,3,4,14,24,10,3,2,5,3,3,6,16,2
22,4,2,3,1,2,13,30,13,2,1,1,1,1,11,25,2
10,4,2,3,2,3,13,21,6,4,0,1,1,2,7,9,2
14,3,3,4,2,4,15,17,5,4,4,3,3,4,9,8,2
9,4,2,2,2,3,16,15,7,1,2,1,1,1,11,6,2
21,6,4,4,4,6,16,31,13,4,3,2,2,4,16,21,2
13,5,2,3,2,5,19,27,10,3,1,2,2,2,12,15,2
7,4,2,4,4,5,17,22,6,2,2,3,2,3,10,16,2
21,4,3,4,2,4,16,35,19,2,2,3,3,4,11,29,2
13,8,3,2,2,1,9,23,6,5,1,1,1,1,7,17,2
12,8,4,4,3,7,18,39,11,6,4,3,2,4,13,26,2
14,5,5,5,4,5,16,37,14,3,4,4,3,4,14,29,2
13,9,5,5,5,8,19,23,10,7,4,3,3,6,11,10,2
13,5,2,3,3,3,12,10,8,4,2,2,1,3,10,7,2
18,4,3,3,2,1,21,33,11,3,2,1,1,2,23,28,2
12,5,3,4,2,4,9,24,13,3,2,3,2,3,7,11,2
8,4,1,2,2,3,19,22,2,3,1,1,1,3,10,9,2
13,6,3,3,2,3,19,25,12,5,2,2,2,3,11,24,2
9,4,3,2,1,3,19,37,9,2,1,1,1,3,11,21,2
12,7,6,4,4,6,17,37,9,3,5,3,2,4,8,32,2
12,8,2,1,1,1,23,25,7,6,2,1,1,1,15,17,2
18,7,5,2,2,4,11,28,11,5,3,1,1,3,5,24,2
8,7,6,5,3,5,15,26,4,5,4,2,2,5,12,12,2
13,6,2,3,3,4,15,22,10,4,2,2,1,4,8,11,2
16,6,3,2,1,3,11,27,6,3,1,1,1,2,7,20,2
14,6,4,4,4,6,18,27,9,3,2,3,2,5,22,24,2
23,6,3,3,3,5,16,17,23,5,3,3,2,3,8,13,2
14,6,2,1,1,3,11,29,10,4,1,1,1,2,10,25,2
12,6,2,2,1,3,24,19,8,4,2,2,1,2,15,16,2
12,4,2,2,1,3,21,27,8,3,1,1,1,2,11,15,2
21,5,2,2,2,3,12,34,11,4,2,1,1,3,13,26,2
11,6,3,1,1,2,11,21,9,5,2,1,0,2,9,12,2
11,5,2,1,2,3,18,15,12,4,2,1,1,2,16,15,2
12,6,2,2,2,2,17,23,11,3,1,2,1,1,15,15,2
11,7,3,3,2,3,18,27,7,3,2,2,1,2,13,16,2
18,3,2,2,1,2,18,14,22,2,1,1,1,2,14,12,2
18,5,2,3,2,4,24,16,14,2,2,2,2,2,18,15,2
11,6,3,3,2,4,11,16,11,7,3,2,1,3,6,12,2
16,7,5,3,3,5,19,27,8,5,2,2,2,2,15,24,2
12,5,3,3,2,4,14,26,11,4,2,2,2,3,8,21,2
13,6,2,3,2,2,12,25,15,4,1,2,1,1,10,23,2
15,5,3,3,2,3,16,19,15,6,2,1,0,3,14,18,2
8,4,2,3,2,3,15,16,5,3,2,3,2,1,12,10,2
9,8,3,2,2,2,9,15,7,3,3,2,1,2,7,13,2
9,6,3,3,2,3,15,18,9,6,3,3,2,3,9,12,2
10,4,3,3,3,3,8,19,6,4,2,2,2,3,6,18,2
18,5,1,2,1,2,11,22,11,3,1,1,1,1,7,13,2
13,5,2,2,2,3,13,26,10,3,2,2,1,2,7,21,2
13,7,3,3,2,2,21,24,13,3,2,2,2,2,14,27,2
11,4,3,2,2,3,18,30,7,3,2,1,1,2,16,22,2
19,4,3,3,3,4,18,23,21,2,3,2,2,3,14,19,2
16,5,3,2,1,2,12,29,11,3,2,1,1,1,7,12,2
23,8,4,4,4,5,17,24,10,4,2,3,3,3,12,23,2
17,5,1,2,2,3,14,10,12,3,0,1,1,2,8,8,2
6,7,3,2,2,3,16,25,4,2,2,1,1,2,12,17,2
17,4,2,3,3,3,16,24,15,3,2,2,2,3,12,19,2
10,4,2,2,1,2,20,18,7,3,2,1,0,2,16,13,2
9,5,3,3,2,4,11,23,7,2,2,3,2,2,7,21,2
10,5,3,2,2,4,21,39,4,4,2,1,1,2,13,22,2
8,3,2,2,2,4,13,17,6,2,2,2,1,4,13,10,2
9,5,3,3,1,3,15,21,5,3,2,1,0,2,10,20,2
13,3,2,2,2,3,17,26,8,3,2,1,1,2,10,14,2
13,3,1,1,1,2,11,22,10,2,1,1,1,1,10,26,2
13,3,1,2,2,4,24,27,8,2,2,2,1,2,16,24,2
12,3,2,2,2,2,16,26,12,4,2,2,1,2,8,26,2
12,6,3,3,2,3,13,23,7,5,3,2,2,4,16,11,2
14,7,3,2,2,4,19,27,11,2,2,1,1,1,12,13,2
11,8,7,6,4,5,12,25,11,5,4,3,2,4,8,21,2
8,4,2,2,1,2,19,25,6,4,1,1,1,1,17,28,2
15,4,2,3,2,3,17,33,11,4,1,2,1,3,20,28,2
15,5,3,3,3,4,13,28,9,2,1,2,1,2,9,26,2
9,7,4,3,3,4,18,14,4,3,3,2,2,3,11,6,2
14,6,5,3,3,4,16,28,12,4,2,2,1,2,12,17,2
15,6,4,3,3,2,13,24,7,4,4,2,2,2,12,16,2
21,4,5,2,2,4,9,27,18,2,4,2,1,2,7,16,2
18,8,5,3,2,3,22,27,15,5,4,2,1,1,26,34,2
17,7,6,2,2,5,14,29,14,8,4,3,3,5,10,22,2
18,5,2,2,3,4,18,21,13,4,2,2,1,3,11,24,2
24,7,4,3,2,5,34,32,14,5,3,2,1,3,17,22,2
16,5,2,4,4,6,18,18,12,5,1,3,3,3,14,15,2
7,5,2,3,3,4,13,21,4,4,2,3,1,2,10,22,2
11,4,2,3,2,3,11,21,7,3,2,2,2,2,9,15,2
7,7,3,4,3,6,18,24,9,6,2,4,3,5,15,21,2
14,4,4,4,4,6,17,30,10,4,4,3,3,5,13,17,2
11,6,6,8,7,9,15,25,11,6,6,6,4,7,12,18,2
17,4,3,3,2,4,9,18,13,3,2,1,1,2,5,12,2
12,5,3,2,2,4,17,23,9,5,3,2,1,3,12,18,2
13,5,3,2,2,5,17,33,9,2,1,2,2,2,11,21,2
15,5,4,3,3,4,11,33,9,5,3,2,2,2,9,24,2
15,6,3,3,3,5,19,18,12,4,3,3,2,5,16,13,2
8,3,1,3,2,3,13,26,5,2,1,1,1,2,10,21,2
22,4,4,3,3,4,11,17,19,3,2,2,2,3,6,10,2
8,5,3,2,1,3,16,29,7,3,2,2,2,4,9,21,2
15,5,3,2,2,4,14,20,12,5,1,1,1,2,12,21,2
14,5,2,3,3,5,12,28,8,5,2,2,2,4,13,30,2
7,6,3,3,2,4,13,13,5,3,1,1,1,2,7,14,2
13,7,3,4,4,4,14,8,9,7,3,4,2,3,10,8,2
15,3,2,2,2,4,19,18,14,3,1,1,1,2,12,12,2
7,4,3,2,2,2,8,17,6,3,1,1,2,1,3,9,2
5,4,3,3,2,3,9,16,4,4,2,1,2,2,5,10,2
10,5,3,2,1,4,11,18,9,3,3,2,2,3,7,18,2
9,8,4,3,3,6,12,26,8,5,3,1,2,5,8,21,2
20,6,4,3,3,7,20,30,20,7,4,2,2,6,17,34,2
12,6,2,2,2,3,9,22,7,5,2,1,1,2,4,15,2
14,4,1,2,2,2,10,27,11,3,1,1,1,2,8,21,2
10,3,3,3,2,4,9,18,8,3,3,3,2,3,8,10,2
28,5,3,2,2,3,13,31,21,4,2,1,1,2,12,28,2
14,5,2,1,1,2,16,30,10,4,1,0,1,2,12,28,2
11,6,2,2,1,2,9,18,11,3,2,2,1,2,6,19,2
11,6,4,4,3,4,12,27,6,5,3,3,2,3,8,19,2
15,10,4,3,3,4,13,26,13,7,2,2,2,3,11,19,2
11,9,3,2,2,4,12,14,8,6,1,2,2,2,11,15,2
10,7,2,2,1,2,11,31,6,5,1,2,1,1,7,21,2
8,6,2,3,2,3,11,23,3,5,2,3,2,2,7,18,2
15,9,2,2,2,2,10,30,7,6,1,1,1,1,7,22,2
8,9,1,2,2,2,11,18,8,11,1,4,3,3,8,17,2
7,10,6,3,3,4,14,27,4,10,4,2,2,3,6,23,2
16,11,2,2,2,3,11,30,9,7,2,2,1,1,8,23,2
17,13,4,4,3,5,15,29,6,8,3,2,2,3,10,16,2
9,7,2,3,2,2,15,19,8,4,2,2,2,2,7,17,2
14,6,2,2,2,2,13,27,7,4,1,1,1,1,8,22,2
12,7,2,2,1,2,14,11,10,5,1,1,1,1,9,6,2
12,13,3,3,2,3,14,20,10,9,2,2,1,4,7,14,2
14,14,4,4,2,3,11,13,7,12,4,4,3,3,6,7,2
14,12,4,4,3,3,11,20,11,9,3,1,1,1,6,10,2
12,5,2,2,1,1,19,15,8,4,1,2,1,1,16,14,2
13,8,2,2,1,2,12,12,6,4,2,3,2,1,5,11,2
23,17,5,6,5,6,14,33,13,11,4,2,2,4,7,26,2
10,6,3,3,2,3,14,30,6,7,2,2,1,2,12,26,2
13,9,3,4,3,4,13,16,12,7,3,2,1,3,14,13,2
11,6,1,3,3,2,13,25,12,4,2,2,2,1,7,20,2
9,7,2,3,3,4,12,22,7,5,1,4,3,2,8,16,2
17,5,2,1,2,3,10,21,9,4,3,2,2,3,8,9,2
10,9,3,2,2,3,22,23,6,5,2,3,2,2,24,13,2
13,11,3,3,2,3,19,15,9,8,2,2,1,2,11,14,2
11,9,2,1,2,3,26,19,9,5,1,1,1,3,24,9,2
24,13,4,3,3,4,13,36,17,8,4,2,2,3,11,27,2
7,14,4,3,1,2,10,18,8,10,2,1,1,1,8,14,2
15,13,3,4,2,2,8,20,11,13,3,2,1,1,4,17,2
10,11,4,4,4,4,13,25,12,11,3,4,2,3,16,21,2
10,10,2,2,2,2,13,25,6,6,2,2,2,1,11,14,2
12,15,4,3,2,3,9,20,11,12,3,3,2,3,7,15,2
9,9,2,3,2,3,6,21,8,5,1,1,1,2,3,16,2
21,15,4,3,2,4,17,46,13,14,3,2,2,3,6,24,2
14,11,3,2,1,2,16,20,8,10,1,1,1,1,11,15,2
13,10,3,2,2,4,18,22,14,6,1,2,1,4,22,30,2
10,10,4,3,2,2,14,19,6,7,2,1,1,2,9,17,2
12,14,3,3,3,5,12,14,13,11,2,1,1,2,6,9,2
14,10,3,1,1,2,13,31,9,11,3,1,1,1,14,28,2
21,18,4,2,2,3,12,22,15,12,3,2,1,2,10,18,2
7,8,2,2,2,2,8,24,5,5,2,1,1,1,4,16,2
14,14,3,1,1,2,7,24,13,10,3,1,1,2,7,23,2
15,12,2,2,2,1,8,9,7,14,3,1,1,1,9,5,2
19,13,3,2,1,2,6,22,12,9,2,1,1,1,4,16,2
13,9,3,1,0,3,16,28,9,8,2,1,0,1,11,19,2
9,10,3,2,1,2,18,20,6,7,2,1,0,1,11,12,2
17,13,3,3,2,3,11,26,8,11,2,2,1,1,8,13,2
9,15,2,2,1,4,9,18,6,8,3,1,1,2,6,15,2
16,12,3,2,1,3,17,16,10,8,2,2,1,2,10,8,2
10,9,2,1,2,3,11,28,15,7,2,1,1,2,10,16,2
9,9,2,2,1,2,6,15,10,9,2,1,1,1,8,9,2
9,7,2,1,1,2,5,23,7,5,1,0,0,2,3,11,2
14,14,5,2,1,2,9,19,13,10,3,1,0,1,5,8,2
14,14,4,3,2,2,6,23,7,7,3,2,1,2,5,19,2
12,9,3,2,2,2,17,29,4,8,1,2,1,1,12,23,2
8,9,2,2,1,3,15,24,6,7,2,2,1,2,12,26,2
11,3,2,2,2,4,15,20,7,4,2,1,1,2,12,18,2
9,6,3,2,1,2,9,24,8,4,2,1,1,2,10,22,2
13,10,4,4,3,3,13,16,4,8,3,4,2,2,10,13,2
13,8,2,3,2,4,15,15,7,6,2,3,2,2,11,15,2
10,9,3,3,2,4,16,17,7,4,2,1,1,2,10,17,2
14,8,2,1,1,2,13,18,8,5,2,1,1,1,10,16,2
9,10,4,2,2,3,18,17,8,7,3,1,1,2,12,12,2
9,10,3,2,1,2,8,20,4,7,2,1,1,1,7,14,2
8,8,2,3,2,4,6,16,2,5,2,2,2,2,5,15,2
16,16,3,3,3,2,14,30,10,7,2,2,2,1,13,22,2
7,8,1,2,1,2,7,13,5,6,1,1,1,2,9,13,2
13,7,3,2,2,2,17,20,8,4,2,2,1,2,9,11,2
12,9,2,2,1,3,11,18,8,6,1,1,1,2,8,12,2
17,11,4,2,2,2,18,20,11,6,2,1,1,2,13,17,2
16,24,6,4,2,3,13,20,9,9,4,2,2,2,11,18,2
14,10,3,2,1,2,13,28,9,8,2,1,0,2,11,21,2
8,13,3,2,2,2,15,14,5,13,3,3,2,3,10,13,2
12,12,3,4,3,3,14,15,8,10,3,2,2,3,8,11,2
19,21,7,3,3,3,8,23,8,17,5,2,1,3,4,16,2
4,16,3,3,1,2,7,14,2,9,2,1,1,1,2,8,2
10,13,2,2,2,3,11,16,7,6,1,1,1,1,6,12,2
16,10,4,4,2,3,12,20,12,8,2,2,1,1,11,17,2
7,10,2,2,2,2,10,17,7,8,1,1,1,2,8,15,2
16,14,5,3,2,4,11,16,14,12,5,2,2,1,10,11,2
6,10,3,3,2,3,15,16,4,5,2,2,1,2,11,11,2
20,10,3,2,1,3,14,25,19,7,2,1,1,2,8,18,2
14,16,4,4,3,5,18,13,8,8,3,1,1,2,14,10,2
14,12,3,2,1,2,18,19,11,11,2,1,1,1,10,13,2
11,17,3,2,2,2,13,15,6,9,3,1,1,1,8,19,2
13,10,3,2,2,2,11,20,6,6,3,1,1,1,11,14,2
14,12,4,3,2,3,10,30,10,7,3,2,1,2,8,25,2
15,12,3,3,3,3,16,28,11,9,2,2,1,2,14,17,2
12,8,4,3,2,2,10,19,7,7,3,2,1,3,8,10,2
15,19,6,4,4,7,10,22,12,14,4,3,2,4,6,16,2
9,12,4,3,2,4,10,11,7,8,3,2,1,1,6,10,2
2,12,34,27,12,5,2,2,2,7,24,13,9,3,2,1,3
9,21,46,49,22,11,6,5,5,15,25,27,16,8,4,2,3
5,14,36,28,10,6,4,4,3,12,36,19,11,5,3,3,3
5,12,39,30,23,10,3,3,3,6,32,24,20,7,3,2,3
5,17,40,49,15,6,4,3,4,14,20,33,12,6,3,3,3
3,7,27,21,16,6,4,1,2,7,18,16,7,4,2,1,3
7,15,34,54,41,17,7,6,5,14,24,30,24,9,3,4,3
5,12,39,39,17,9,4,2,3,11,23,20,14,4,4,1,3
8,21,40,50,23,8,4,4,5,17,36,39,14,5,2,2,3
9,16,46,51,38,15,8,7,7,12,22,28,21,9,6,5,3
5,11,29,42,21,8,4,3,3,8,23,33,19,5,2,2,3
8,22,52,51,24,10,6,5,5,13,28,34,24,11,5,4,3
8,15,28,47,33,15,7,5,7,16,22,22,15,8,5,3,3
3,14,36,24,13,5,3,2,4,13,16,14,13,5,2,2,3
6,16,34,49,24,8,4,4,3,9,26,38,11,6,4,3,3
7,16,34,40,21,7,3,4,5,11,26,23,14,4,2,3,3
8,21,54,36,25,14,5,6,5,13,16,24,17,8,3,3,3
4,9,26,38,19,7,4,3,3,10,20,28,12,6,2,2,3
6,17,32,40,12,5,4,4,4,15,20,25,8,4,2,2,3
4,9,42,32,22,10,4,3,4,8,29,23,14,6,3,2,3
9,20,44,46,26,12,6,6,4,9,38,33,19,6,3,4,3
8,17,40,49,31,13,7,6,9,12,23,26,18,11,6,6,3
4,14,42,38,18,6,3,2,4,9,33,28,9,3,2,2,3
7,21,45,41,27,11,5,4,4,9,31,34,11,6,3,3,3
6,16,28,38,17,10,7,3,4,13,23,20,12,6,3,2,3
5,11,37,59,26,12,4,3,2,9,32,33,21,9,3,1,3
4,15,43,22,13,6,3,3,2,8,26,10,10,4,2,2,3
3,8,30,23,23,9,3,3,2,4,22,21,15,5,2,2,3
3,8,25,27,14,6,3,2,2,7,10,13,11,4,2,1,3
6,14,38,43,31,11,4,4,4,9,23,32,17,5,2,3,3
11,20,54,46,13,9,7,7,9,15,24,29,8,10,7,6,3
7,11,44,49,27,12,6,5,4,11,32,30,25,9,5,3,3
6,18,39,46,8,5,4,4,4,19,26,24,7,4,3,3,3
7,20,34,32,20,10,5,4,4,12,26,36,7,7,5,2,3
4,16,43,44,17,8,4,3,3,12,26,30,11,3,2,2,3
6,16,29,40,18,10,5,5,3,11,24,29,15,9,4,2,3
7,18,30,30,16,6,4,4,5,9,25,18,15,6,4,3,3
2,7,27,25,15,5,2,2,1,5,20,19,11,4,1,1,3
4,7,33,34,27,11,5,3,3,8,25,26,29,10,5,3,3
4,9,26,49,22,10,6,4,3,9,23,39,15,8,3,2,3
6,10,15,51,20,11,4,4,3,8,15,33,16,5,2,2,3
3,13,41,47,12,6,4,2,2,9,27,34,9,4,2,2,3
2,15,38,31,12,6,3,1,1,5,24,27,10,3,2,1,3
7,17,30,34,17,8,4,4,8,19,22,32,16,8,4,4,3
8,16,25,41,26,11,6,4,7,17,31,20,20,10,5,5,3
6,16,41,44,19,8,5,3,5,17,23,31,10,5,2,2,3
3,8,31,40,10,2,2,1,2,7,27,32,6,3,1,1,3
6,15,32,37,16,6,2,4,3,11,18,14,10,4,1,1,3
4,9,22,42,21,9,3,2,2,9,22,35,14,6,2,1,3
3,10,27,54,20,8,3,2,4,6,17,45,20,4,2,2,3
5,13,54,20,21,9,5,3,5,8,30,21,16,8,3,3,3
8,25,44,36,16,6,3,4,6,21,32,34,9,3,2,2,3
9,19,33,32,17,10,5,5,8,21,25,18,12,8,5,5,3
7,17,31,44,27,13,6,5,5,11,17,28,17,6,4,4,3
5,13,26,36,16,8,4,3,5,12,22,27,14,5,3,2,3
7,14,27,34,28,9,3,3,4,7,19,27,32,12,3,3,3
6,12,18,41,29,12,5,4,3,10,15,20,17,5,3,2,3
5,12,33,43,15,6,3,4,3,13,32,21,12,5,2,2,3
3,14,36,53,13,5,2,3,3,10,28,25,12,5,2,1,3
6,22,51,32,16,12,5,4,3,12,29,31,11,6,3,2,3
8,21,46,23,20,6,3,4,6,14,31,19,15,6,3,3,3
6,16,25,47,27,10,6,3,5,15,14,24,16,7,5,3,3
10,27,60,47,25,10,6,5,4,19,37,28,25,8,2,1,3
7,15,30,45,20,10,5,5,3,9,20,25,16,6,3,3,3
4,16,35,29,16,6,3,2,2,11,20,22,15,6,2,1,3
8,19,30,50,22,9,5,4,7,12,22,31,19,8,6,5,3
6,15,53,41,27,8,3,3,5,12,36,17,19,7,4,4,3
4,11,32,28,18,6,3,2,5,8,18,24,11,6,4,3,3
5,16,40,21,20,8,4,3,4,11,25,12,22,10,4,3,3
4,7,21,40,13,4,3,2,1,7,12,26,8,4,3,1,3
5,13,31,22,12,5,4,3,3,8,31,18,7,3,3,2,3
5,15,40,27,16,6,3,4,4,8,22,13,11,4,3,2,3
6,17,41,29,20,8,5,4,5,10,29,24,15,8,5,4,3
4,10,19,26,22,8,4,3,2,9,11,16,10,4,2,2,3
7,17,39,35,22,12,4,5,3,12,25,25,13,9,5,2,3
7,14,61,51,31,13,6,5,7,10,28,21,30,13,7,5,3
9,26,59,46,19,10,7,5,7,21,31,29,17,7,4,3,3
5,12,41,43,18,9,5,4,3,7,31,32,15,6,2,1,3
7,14,34,44,22,9,6,5,5,11,17,36,16,6,2,3,3
4,9,26,33,9,3,2,2,3,13,23,14,6,2,1,2,3
4,13,39,44,21,7,4,3,4,14,26,34,14,5,3,2,3
8,17,37,47,29,17,7,5,4,17,17,20,13,6,4,3,3
5,14,50,37,15,6,4,3,3,8,25,21,14,4,3,2,3
3,9,32,55,26,8,5,3,3,9,31,29,24,7,2,1,3
3,10,16,33,14,5,3,2,2,7,11,15,7,4,3,1,3
8,14,40,42,25,13,6,5,5,13,36,30,17,8,4,3,3
4,8,39,45,18,5,4,3,3,7,26,20,10,3,2,2,3
4,17,24,40,13,9,5,3,3,10,26,30,18,7,3,3,3
4,8,37,29,25,8,3,4,4,8,24,22,14,5,3,3,3
3,11,39,38,24,7,3,3,4,10,25,30,14,5,2,4,3
6,17,45,44,25,10,4,3,3,9,35,25,14,6,2,2,3
7,20,40,44,30,12,5,4,7,19,34,28,24,11,6,5,3
7,20,44,48,26,13,5,5,7,17,37,31,21,9,3,4,3
6,12,46,23,19,9,4,3,4,11,32,15,12,4,2,1,3
7,15,44,21,13,8,6,4,4,11,31,16,7,4,5,2,3
6,19,41,49,18,8,5,4,4,18,33,38,17,6,4,2,3
7,16,27,20,21,10,4,4,4,7,19,18,12,3,3,3,3
5,11,38,21,19,8,3,3,3,10,35,26,12,7,3,3,3
7,15,41,29,16,7,5,3,2,9,28,22,13,6,4,2,3
6,11,20,32,25,10,5,4,6,9,15,25,18,10,4,4,3
5,13,35,31,24,8,4,3,6,8,26,21,11,8,4,4,3
8,24,45,40,29,12,7,6,4,13,33,33,20,9,2,3,3
5,11,20,32,19,9,5,3,3,10,20,17,18,5,2,1,3
5,12,47,32,21,10,4,3,3,8,25,11,16,7,3,2,3
3,6,24,27,12,5,3,2,1,3,12,26,9,2,2,1,3
5,9,33,43,27,10,4,4,2,4,21,28,12,7,3,2,3
7,18,46,39,25,12,7,5,6,9,27,30,36,18,8,5,3
5,13,31,39,24,11,5,4,4,10,28,20,19,6,3,2,3
3,13,29,30,18,7,3,2,3,8,22,30,17,6,2,1,3
5,14,28,21,14,6,2,3,5,8,21,9,9,3,1,2,3
3,9,24,18,19,7,3,3,2,8,11,7,13,7,1,2,3
6,9,20,37,13,6,3,4,4,7,16,24,7,5,2,3,3
4,9,29,49,13,6,3,2,5,7,23,41,10,4,2,2,3
7,17,36,32,31,12,4,5,6,15,24,15,30,11,4,4,3
6,15,36,44,19,7,3,4,5,11,31,24,16,7,3,3,3
9,20,43,30,19,10,7,5,5,13,23,15,12,6,3,2,3
4,8,30,51,27,9,4,3,4,7,26,39,14,6,2,3,3
5,15,25,51,28,11,4,3,3,9,29,23,22,8,3,2,3
5,17,32,39,29,10,5,4,5,16,19,27,27,10,1,2,3
9,21,39,44,24,9,5,4,5,12,29,30,15,8,4,3,3
6,14,25,28,26,9,4,3,2,11,17,28,15,7,3,3,3
5,10,25,31,22,9,5,4,2,5,21,19,12,6,2,1,3
5,12,37,35,12,6,5,3,3,12,29,22,14,6,4,1,3
4,15,44,43,20,7,4,3,4,14,28,19,15,4,2,1,3
2,7,23,33,22,9,4,1,2,4,21,21,10,4,2,1,3
6,11,26,21,9,7,4,3,3,6,16,18,5,3,3,2,3
5,11,40,24,15,5,4,3,4,8,30,12,8,4,3,2,3
8,15,37,43,24,12,7,5,6,12,18,36,13,5,3,4,3
5,14,38,30,23,11,4,3,5,11,24,20,16,9,3,3,3
6,14,30,40,25,8,5,5,8,13,18,29,27,12,6,6,3
5,12,33,46,20,10,4,5,4,9,28,34,15,7,3,2,3
5,14,43,32,20,8,6,3,4,11,27,28,14,5,4,2,3
6,15,35,25,18,5,3,3,4,10,23,18,15,3,2,3,3
5,10,32,37,25,9,3,3,3,7,20,34,24,9,3,2,3
5,13,36,58,21,10,5,4,3,10,36,40,18,6,3,2,3
5,10,49,35,19,9,6,4,5,10,23,22,15,8,4,4,3
4,9,37,49,22,7,3,2,3,9,28,25,19,7,2,1,3
6,18,30,54,24,13,6,4,6,12,18,26,21,8,4,4,3
5,11,18,25,14,6,5,3,5,11,11,15,11,7,2,3,3
5,14,50,46,29,10,4,3,4,13,41,28,13,6,3,2,3
4,11,40,41,20,8,5,4,5,4,25,23,16,7,4,3,3
9,16,25,40,27,16,6,6,9,17,25,30,16,10,6,5,3
3,11,33,31,19,6,2,2,3,9,27,30,19,7,2,1,3
4,11,29,60,22,7,4,3,2,8,19,34,17,6,3,2,3
7,16,56,51,23,11,4,4,4,11,34,36,16,6,3,3,3
6,12,25,49,13,8,5,4,4,9,22,29,11,6,3,3,3
5,11,34,59,18,10,5,3,3,6,17,39,8,6,2,2,3
7,21,55,43,23,10,5,5,5,11,21,37,19,6,5,3,3
5,14,31,30,15,7,3,3,4,10,15,30,20,7,2,2,3
6,12,31,39,16,8,4,4,8,17,28,27,11,9,4,5,3
5,9,29,46,21,9,2,2,3,9,30,42,14,6,1,2,3
5,13,34,40,18,9,3,3,4,12,23,27,15,8,3,2,3
3,9,23,57,23,8,3,2,1,6,22,41,21,7,2,1,3
5,15,28,34,26,6,2,3,2,8,26,25,20,5,1,2,3
7,17,36,39,14,9,5,4,5,12,30,21,10,5,3,3,3
7,18,48,48,12,5,3,4,4,7,25,40,8,4,2,2,3
7,15,28,25,27,12,6,5,5,10,28,20,27,12,4,3,3
6,19,30,32,28,11,4,4,4,8,19,30,15,5,2,3,3
6,13,44,38,33,14,5,4,4,8,32,30,28,10,4,3,3
3,8,29,35,13,6,3,3,2,5,22,27,9,5,3,2,3
4,6,34,38,20,8,3,2,2,3,23,26,20,7,2,1,3
6,14,33,35,18,8,5,4,4,9,15,24,12,6,3,3,3
7,16,17,28,21,11,4,4,4,10,9,17,11,6,3,3,3
6,14,28,39,27,11,6,3,6,12,24,29,16,7,4,3,3
7,13,22,34,17,8,4,4,2,8,9,34,16,7,3,2,3
6,15,34,31,17,9,4,4,4,13,25,16,8,6,2,3,3
5,14,51,62,29,14,5,3,4,8,21,33,19,8,5,3,3
4,10,47,42,21,7,4,3,2,5,34,30,14,4,2,2,3
6,22,28,30,26,13,6,4,5,21,23,23,18,8,5,4,3
5,10,27,33,13,5,4,3,3,10,19,24,8,5,2,1,3
2,8,39,43,20,8,1,1,2,5,27,24,14,4,1,1,3
6,16,39,48,15,7,3,4,6,18,24,28,10,5,3,3,3
4,5,29,25,19,9,3,3,2,5,24,22,14,5,2,1,3
7,20,58,43,19,11,7,5,6,16,33,35,15,6,4,3,3
8,23,32,35,18,8,6,4,4,15,24,16,8,6,3,3,3
2,9,24,40,11,5,2,2,2,10,24,25,9,2,1,1,3
6,18,41,48,12,5,4,4,7,16,29,38,12,5,3,3,3
5,10,21,42,19,9,5,3,4,6,19,26,10,4,3,1,3
5,12,25,24,11,7,4,2,4,11,16,23,15,7,3,3,3
6,11,29,27,15,5,3,4,2,7,15,21,15,4,3,2,3
2,9,40,33,8,4,3,2,2,6,23,34,10,5,2,1,3
7,19,32,14,15,6,3,4,4,8,21,18,13,5,3,3,3
7,20,39,34,18,11,4,4,5,14,28,30,20,9,2,3,3
4,11,37,24,16,8,3,3,3,8,28,17,13,6,3,2,3
7,17,30,37,25,11,7,6,2,10,22,23,19,6,3,2,3
6,16,34,23,16,10,6,5,7,13,16,16,22,13,6,4,3
7,19,39,33,21,11,5,5,7,18,31,28,19,9,5,5,3
2,9,34,37,18,8,3,2,1,5,20,36,19,5,3,1,3
4,13,28,29,22,7,4,3,4,10,24,25,16,5,2,2,3
8,18,28,24,19,11,6,5,10,16,25,21,12,10,6,7,3
6,16,50,36,17,7,4,4,2,8,28,28,10,4,2,1,3
2,4,17,29,11,4,2,2,1,2,10,16,9,3,1,1,3
5,14,36,37,14,7,4,3,7,14,25,28,9,5,3,3,3
4,10,17,33,17,7,3,2,3,8,12,34,11,5,2,1,3
2,8,27,43,18,6,2,2,2,6,15,18,7,2,0,1,3
7,13,35,35,21,10,5,5,4,9,28,24,10,6,3,3,3
5,16,45,29,12,6,3,3,5,13,18,27,7,3,2,2,3
3,8,19,21,7,4,3,2,2,8,11,16,5,3,2,2,3
5,10,26,54,12,5,3,3,2,3,18,24,9,4,2,1,3
2,6,20,21,11,5,2,1,1,3,20,18,6,3,2,1,3
7,12,13,63,21,11,5,5,7,13,15,29,21,11,6,5,3
4,12,29,40,18,6,3,2,3,8,24,30,10,4,3,2,3
9,18,41,57,30,13,8,5,7,9,20,39,16,9,5,5,3
3,7,23,35,11,4,2,2,2,5,22,27,11,3,1,1,3
4,10,27,32,16,8,4,3,3,7,17,35,12,6,2,2,3
4,14,34,32,19,10,3,3,3,12,24,18,16,7,2,3,3
8,14,31,42,27,14,6,5,6,13,27,30,15,9,4,3,3
3,7,19,20,15,6,3,1,3,5,13,17,13,4,2,1,3
5,13,30,44,16,5,3,3,2,5,19,28,7,2,2,1,3
3,9,45,50,11,4,3,2,2,6,26,27,6,3,2,1,3
4,9,26,40,19,8,4,3,4,8,16,28,18,6,3,3,3
6,12,29,26,21,9,4,3,4,8,20,15,11,5,2,2,3
6,19,29,43,16,6,3,3,4,14,26,32,14,5,3,3,3
3,9,30,34,12,6,2,3,3,7,21,30,12,6,2,2,3
4,13,24,32,11,6,2,3,5,12,15,23,19,7,2,3,3
3,13,34,35,11,5,2,1,2,8,25,23,4,3,1,1,3
4,8,21,25,15,6,2,2,3,5,12,18,10,5,2,2,3
4,9,28,41,10,7,3,3,3,7,17,18,9,3,3,2,3
2,6,18,28,14,4,3,2,2,4,20,16,11,3,1,1,3
4,9,29,15,17,7,3,2,3,8,18,12,15,6,2,2,3
5,17,26,28,18,8,4,3,4,7,29,21,15,8,3,2,3
4,12,22,41,15,7,3,2,5,10,18,29,14,6,2,3,3
5,13,46,56,17,7,4,3,3,7,18,25,12,6,2,2,3
3,6,42,15,14,5,1,2,1,6,23,14,10,3,1,1,3
4,8,32,32,14,7,3,3,4,6,20,20,8,4,1,2,3
5,12,24,37,16,8,3,3,4,9,14,29,14,6,3,3,3
4,10,32,28,20,8,4,3,2,7,30,23,13,5,3,1,3
3,6,20,28,8,3,2,2,2,4,12,21,9,2,1,1,3
3,9,18,38,10,5,2,2,2,7,12,32,6,3,1,1,3
4,11,27,22,16,6,3,3,3,9,15,16,9,2,3,2,3
6,13,35,60,31,11,4,3,7,15,29,37,17,9,4,3,3
3,9,22,47,16,6,2,2,2,7,22,28,12,5,2,2,3
7,17,36,55,20,9,5,4,5,7,27,29,13,5,3,3,3
5,11,23,34,12,6,3,3,3,8,28,24,6,3,2,2,3
6,11,39,36,20,8,3,3,3,7,31,34,16,4,1,2,3
4,11,16,34,12,6,2,2,3,11,14,33,12,4,2,2,3
3,12,30,24,16,6,3,2,3,9,28,20,10,2,1,1,3
5,16,30,31,12,7,3,3,4,10,31,27,10,5,2,2,3
3,8,30,46,14,6,2,2,3,5,21,24,18,6,1,2,3
4,9,23,33,12,4,3,3,3,8,20,19,10,5,3,2,3
3,9,35,31,17,6,3,2,3,8,18,27,8,3,2,2,3
2,11,23,22,15,6,2,2,3,13,24,24,12,4,1,1,3
4,8,25,29,14,6,2,2,3,7,17,30,17,5,2,2,3
4,9,19,33,11,5,3,2,2,6,19,20,9,4,1,1,3
7,17,32,21,15,8,4,4,5,12,20,10,16,7,3,3,3
6,13,42,44,19,7,3,4,5,12,28,30,16,7,2,3,3
7,14,40,59,25,12,6,4,3,8,18,36,19,7,4,2,3
4,14,36,46,19,8,4,3,4,10,30,41,17,6,2,2,3
2,7,25,26,15,4,2,2,1,5,20,19,12,4,2,1,3
5,16,18,44,12,7,4,3,3,9,26,38,8,5,2,1,3
3,10,36,27,15,7,3,2,2,8,27,16,11,5,2,2,3
4,10,31,49,22,9,4,3,4,9,19,24,20,6,4,3,3
6,13,28,27,22,12,5,4,3,8,27,17,13,4,2,2,3
5,15,47,32,21,9,5,3,5,9,30,26,16,8,4,4,3
6,13,38,44,22,12,6,4,5,12,27,34,16,8,2,3,3
4,9,27,41,21,8,4,3,3,9,13,35,15,5,3,2,3
3,9,28,32,12,4,2,2,3,8,22,12,8,2,1,1,3
3,9,21,33,16,6,2,2,2,9,21,21,7,3,2,1,3
3,7,18,31,16,7,4,2,3,6,12,29,25,10,4,3,3
4,8,24,20,10,4,2,2,3,6,20,12,8,3,1,1,3
2,6,29,35,16,5,2,1,2,8,26,21,17,4,1,1,3
2,4,17,27,15,7,2,2,1,4,14,22,14,4,2,1,3
4,10,28,42,12,5,3,2,3,6,17,23,13,2,2,1,3
6,14,28,55,15,7,3,3,5,12,25,42,10,5,2,2,3
3,6,24,23,13,7,2,1,1,5,27,10,9,4,2,1,3
5,7,35,28,12,7,4,3,3,7,23,16,10,4,2,2,3
5,14,35,50,10,5,3,3,3,9,18,19,18,5,1,1,3
3,12,31,27,10,4,2,1,3,10,19,24,5,3,1,1,3
4,10,22,42,10,5,3,3,2,6,18,34,14,5,2,2,3
2,5,16,20,13,6,3,2,2,6,16,10,7,3,2,2,3
3,9,26,46,20,7,4,3,3,8,15,30,11,6,2,2,3
5,14,38,44,21,8,3,3,3,9,29,33,16,4,1,1,3
4,12,25,47,18,8,4,3,3,10,14,31,11,4,2,2,3
5,10,36,38,11,6,4,3,5,12,28,24,18,8,4,3,3
4,15,36,33,11,7,2,3,2,11,23,27,13,4,2,2,3
3,10,24,37,11,4,1,2,2,7,13,27,5,3,1,2,3
3,8,22,26,12,4,3,2,3,6,11,22,11,5,3,3,3
2,8,15,37,18,7,3,2,1,7,11,26,10,5,1,1,3
5,14,20,39,25,9,4,4,4,6,13,32,27,11,3,3,3
5,13,37,33,14,4,3,3,2,9,19,23,5,4,1,1,3
5,15,34,40,19,10,5,4,4,11,26,24,16,10,4,3,3
3,7,28,33,14,5,2,2,2,5,23,36,12,6,3,2,3
3,5,31,39,12,6,4,2,2,2,14,28,8,4,2,2,3
3,12,23,20,10,5,4,3,2,6,15,13,6,3,2,1,3
3,11,25,30,13,5,3,1,1,6,21,21,14,4,1,1,3
4,10,25,27,12,4,2,2,3,11,31,24,13,6,2,2,3
5,9,33,36,17,5,3,3,4,7,31,33,10,3,1,2,3
6,14,22,33,12,6,4,3,4,6,13,34,10,4,2,2,3
3,8,39,23,14,7,2,2,2,6,24,19,8,4,2,2,3
2,4,18,30,10,4,3,2,2,2,9,21,8,2,2,1,3
4,8,22,46,15,7,3,3,3,6,26,34,12,7,3,2,3
5,8,25,42,21,7,4,3,3,7,17,24,15,6,3,2,3
5,15,31,35,12,6,3,3,4,14,20,39,7,3,2,2,3
7,20,34,41,20,8,5,5,6,9,15,32,13,6,5,4,3
3,9,32,26,10,5,3,2,1,6,17,22,9,4,1,1,3
4,10,22,36,15,7,4,3,2,9,25,37,10,6,1,2,3
3,10,36,21,12,4,2,2,3,9,29,15,13,4,2,2,3
3,11,27,20,9,5,3,2,3,8,19,16,9,4,2,2,3
3,9,34,30,3,4,2,2,2,7,27,19,2,3,1,2,3
2,8,31,35,7,5,3,1,1,5,26,23,7,3,2,1,3
1,1,3,1,0,1,0,0,0,1,3,1,0,0,0,0,0
1,1,4,6,1,1,0,1,0,1,3,6,0,0,0,0,0
0,1,5,4,2,0,1,0,1,1,5,3,1,0,0,0,0
0,1,3,2,1,0,0,0,0,1,1,2,0,0,0,0,0
0,2,6,3,1,1,0,1,0,1,3,2,0,0,0,0,0
0,1,6,3,0,0,0,0,0,1,3,2,1,0,0,0,0
0,0,3,1,1,0,0,0,0,0,1,1,0,0,0,0,0
0,1,3,2,0,0,1,0,0,0,3,3,1,0,1,0,0
0,0,4,2,1,0,1,0,0,0,2,2,0,0,0,0,0
0,1,2,2,0,1,0,0,0,1,2,1,0,1,0,0,0
0,1,4,1,1,1,0,0,0,0,3,1,1,0,0,0,0
0,1,2,0,1,0,1,0,0,1,3,0,1,0,0,0,0
0,1,2,0,0,0,0,0,0,0,1,0,0,0,0,0,0
0,1,3,1,0,0,0,0,0,0,2,0,0,0,0,0,0
0,2,5,1,0,1,0,0,0,1,4,1,0,0,0,0,0
0,0,2,1,0,0,0,1,0,0,2,1,0,0,0,0,0
0,2,4,1,0,0,0,0,0,2,4,1,0,0,0,0,0
0,1,5,1,0,0,0,0,0,1,5,0,0,0,0,0,0
0,1,3,1,0,1,0,0,0,0,2,1,0,0,0,0,0
1,1,5,2,0,0,0,0,0,1,3,1,0,0,0,0,0
1,0,5,1,0,0,1,0,0,0,2,0,0,0,0,0,0
0,1,6,4,1,0,0,1,0,1,5,4,0,0,0,0,0
0,1,5,2,1,0,1,1,0,1,3,2,0,0,0,0,0
0,1,4,1,1,1,0,1,0,0,2,1,0,0,0,0,0
1,2,3,2,0,1,0,0,0,2,3,1,0,0,0,0,0
0,0,3,1,1,0,0,0,0,1,2,0,1,0,0,0,0
0,1,2,1,1,0,1,0,0,1,2,1,1,0,0,0,0
0,1,2,2,1,0,0,1,0,1,1,1,0,0,0,0,0
0,1,3,2,0,1,0,0,0,0,1,2,0,0,0,0,0
0,0,4,1,1,0,0,0,0,1,3,1,0,0,0,0,0
0,1,2,0,0,1,0,0,0,0,1,0,0,0,0,0,0
0,1,2,2,1,1,0,0,0,0,2,1,0,0,0,0,0
0,1,3,0,1,0,1,0,0,0,2,0,0,0,0,0,0
0,1,2,0,0,0,0,0,0,1,1,0,0,0,0,0,0
0,1,2,1,1,0,0,0,0,1,2,0,1,0,0,0,0
0,1,2,0,0,0,1,0,0,0,3,0,1,0,0,0,0
0,0,1,0,0,1,1,0,0,0,1,0,0,0,0,0,0
0,0,2,0,1,0,0,0,0,0,2,0,0,0,0,0,0
0,1,2,0,0,1,0,1,0,0,2,0,0,1,0,0,0
0,0,4,2,0,1,0,0,0,0,2,1,0,0,0,0,0
0,1,3,1,0,0,0,0,0,1,3,0,0,0,0,0,0
0,1,1,2,0,0,1,1,0,1,1,1,0,0,0,0,0
0,1,2,1,1,0,0,0,0,1,2,0,0,0,0,0,0
1,1,4,1,0,0,0,0,1,2,4,0,0,0,0,0,0
0,1,3,1,0,0,0,0,0,1,3,1,0,0,0,0,0
1,1,4,2,1,1,0,1,1,1,4,3,0,1,0,0,0
0,1,2,1,0,0,0,0,0,0,1,1,0,0,0,0,0
0,1,3,0,0,1,0,0,0,1,3,1,0,0,0,0,0
0,1,4,1,0,0,1,1,0,0,3,1,0,0,0,0,0
0,1,5,0,0,0,0,0,0,0,3,0,0,0,0,0,0
1,2,2,0,1,0,0,0,0,0,2,0,0,0,0,0,0
0,1,3,1,0,0,0,0,0,0,3,0,0,0,0,0,0
0,0,3,1,0,0,1,0,0,0,2,0,0,0,0,1,0
0,1,4,0,1,0,0,0,0,1,3,0,0,0,0,0,0
0,1,3,1,0,0,0,0,0,0,3,0,0,0,0,0,0
0,1,1,1,1,0,0,0,0,0,2,1,1,0,0,0,0
0,1,5,1,0,0,0,0,0,1,4,1,0,0,0,0,0
1,2,5,4,1,1,0,1,1,1,5,4,1,0,0,0,0
0,1,4,1,0,1,0,0,1,1,4,0,0,0,0,0,0
0,1,8,2,0,1,1,1,0,1,6,2,0,0,0,0,0
0,1,5,2,0,0,0,0,0,1,3,2,0,0,0,0,0
1,1,3,1,0,0,1,0,1,0,2,0,0,0,0,0,0
0,1,5,1,0,0,0,0,0,1,3,0,0,0,0,0,0
0,0,3,1,0,0,0,0,0,0,2,1,0,0,0,0,0
0,1,4,2,0,0,0,0,0,0,3,2,0,0,0,0,0
0,1,3,0,0,1,0,1,0,1,2,0,0,0,0,0,0
0,0,2,0,0,1,0,0,0,1,2,0,0,0,0,0,0
1,1,2,1,0,0,1,0,0,1,2,2,0,0,0,0,0
0,0,3,1,1,0,0,0,0,0,2,0,0,0,0,0,0
0,0,3,1,0,0,1,0,0,0,2,0,0,0,0,0,0
0,1,4,2,0,0,0,0,0,0,4,3,1,0,0,0,0
1,1,5,2,1,0,1,0,0,1,3,3,1,0,1,0,0
0,0,3,1,0,0,0,0,0,0,2,1,0,0,0,0,0
0,1,2,0,0,0,0,0,0,1,1,0,0,0,0,0,0
0,1,2,1,0,0,0,0,0,0,2,1,0,0,0,0,0
0,1,3,1,0,0,1,0,0,1,2,0,0,0,0,0,0
0,1,3,0,0,0,1,0,0,0,4,0,0,0,0,0,0
0,1,1,1,0,1,0,0,0,1,1,0,0,0,0,0,0
1,0,4,0,0,0,0,0,0,0,2,0,0,0,0,0,0
1,1,2,1,1,0,0,1,0,2,1,0,0,0,0,0,0
0,2,3,0,0,0,0,0,0,1,2,1,0,0,0,0,0
0,1,3,0,1,0,0,0,0,0,2,0,0,0,0,0,0
1,1,4,0,0,1,0,0,0,1,2,0,0,1,0,0,0
1,1,3,0,0,1,0,0,0,0,2,0,0,0,0,0,0
0,1,3,1,1,0,0,0,0,1,2,0,1,0,0,0,0
0,1,1,1,1,0,0,0,0,0,1,0,0,0,0,0,0
0,1,1,0,1,0,0,0,0,1,1,0,0,0,0,0,0
0,1,2,0,0,0,0,0,0,0,2,0,0,0,0,0,0
0,1,3,1,1,0,1,0,0,1,3,0,0,0,0,0,0
0,1,1,0,0,0,1,1,0,0,1,0,0,0,0,0,0
0,0,2,0,0,0,0,0,0,0,2,0,0,0,0,0,0
0,0,1,0,0,0,0,0,0,0,1,0,0,0,0,0,0
0,1,2,0,0,0,0,0,0,0,1,0,0,0,0,0,0
1,1,2,1,1,0,0,0,0,1,1,0,0,0,0,0,0
0,1,4,1,0,1,0,0,0,1,3,0,0,0,0,0,0
0,0,1,1,0,0,0,0,0,0,1,0,0,0,0,0,0
0,1,1,0,0,1,0,1,0,0,1,0,0,0,0,0,0
1,1,3,1,0,1,0,0,0,0,2,1,0,0,0,0,0
0,0,1,1,0,0,0,1,0,0,1,0,0,0,0,0,0
0,1,3,2,0,1,0,0,0,1,4,3,0,0,1,0,0
0,0,2,1,1,0,0,1,0,0,1,0,0,0,0,0,0
1,1,4,1,1,0,1,0,0,1,4,3,0,0,0,0,0
0,1,1,1,0,0,0,0,0,0,1,1,0,0,0,0,0
0,0,3,0,1,0,1,0,0,0,1,0,0,0,0,0,0
1,0,2,1,1,1,0,1,0,0,2,1,0,0,0,0,0
0,1,1,0,0,1,0,1,0,0,0,0,0,0,0,0,0
0,0,1,1,0,1,0,0,0,0,0,1,0,0,0,0,0
1,1,1,1,0,1,0,0,0,0,1,0,0,1,0,0,0
1,0,1,1,1,0,0,1,0,0,1,0,0,0,0,0,0
1,0,2,1,0,0,0,0,0,0,2,1,0,0,0,1,0
1,0,4,1,0,1,1,0,0,0,2,0,0,0,0,0,0
1,1,2,1,0,1,1,1,1,1,2,1,0,0,0,0,0
1,1,3,1,0,0,0,0,0,0,3,1,0,0,0,0,0
1,1,3,2,1,1,0,0,0,0,3,3,0,0,0,0,0
0,1,2,1,1,1,0,0,0,1,2,1,0,0,0,0,0
0,1,2,1,0,0,1,0,0,0,2,2,0,0,0,0,0
2,1,3,0,0,1,0,2,3,1,2,0,0,0,0,3,0
0,1,3,0,1,1,0,0,0,0,2,0,1,0,0,0,0
0,2,5,2,0,1,0,0,1,1,4,3,0,0,0,0,0
1,1,6,4,0,0,1,0,0,1,5,2,0,0,0,0,0
1,1,5,1,0,0,0,1,1,0,5,3,0,0,0,0,0
1,1,3,0,0,0,0,1,0,0,2,0,0,0,0,0,0
0,1,2,0,1,0,1,0,0,0,2,0,0,0,0,0,0
0,0,1,1,0,0,0,0,0,0,1,0,0,0,0,0,0
0,0,2,1,1,0,0,0,0,0,2,0,0,0,0,0,0
0,1,5,0,1,0,0,0,0,0,4,0,0,0,0,0,0
1,0,1,0,1,0,0,0,0,0,1,0,0,0,0,0,0
0,0,2,0,0,0,0,1,0,0,2,0,0,0,0,0,0
0,1,3,1,0,1,1,0,0,1,2,1,0,1,0,0,0
0,0,2,4,1,1,1,1,0,0,2,4,1,0,0,0,0
1,1,2,1,0,0,0,1,0,1,1,0,0,0,0,0,0
0,1,1,0,1,1,0,0,0,1,1,0,0,0,0,0,0
0,1,2,2,2,0,0,0,0,1,1,3,1,0,0,0,0
0,1,6,3,2,1,1,0,0,1,6,3,1,0,0,0,0
0,1,1,2,1,0,0,0,0,1,2,2,0,0,0,0,0
0,1,3,2,1,1,1,1,0,1,2,1,0,0,0,0,0
0,1,2,1,0,0,1,0,0,1,2,1,0,0,0,0,0
0,1,3,1,0,0,0,1,0,0,2,1,0,0,0,0,0
1,1,5,3,1,1,0,0,0,1,6,4,1,0,0,0,0
0,1,5,3,1,1,1,0,0,0,3,3,1,1,0,0,0
1,2,3,2,1,1,1,1,0,1,2,1,1,0,0,0,0
1,2,4,2,1,0,1,1,0,1,3,2,1,0,0,0,0
1,1,6,3,1,1,1,0,1,1,3,3,0,0,0,0,0
0,1,3,2,2,0,0,0,0,1,2,2,1,0,0,0,0
0,1,4,3,0,0,1,0,0,0,4,4,0,0,0,0,0
0,1,3,2,1,0,0,0,0,1,2,1,0,0,0,0,0
0,0,4,2,1,1,0,0,0,0,3,0,0,0,0,0,0
0,1,3,1,0,0,0,0,0,1,3,0,0,0,0,0,0
1,1,5,1,0,1,0,0,0,1,5,1,0,0,0,0,0
0,0,4,1,1,1,0,0,0,0,2,1,0,0,0,0,0
0,1,4,1,1,0,0,0,0,1,4,1,1,0,0,0,0
1,1,4,0,0,0,0,0,0,0,2,0,0,0,0,0,0
0,0,3,1,1,1,0,0,0,0,3,0,0,0,0,0,0
1,1,2,0,1,0,1,0,0,1,3,0,0,0,1,0,0
0,1,2,1,1,1,0,0,0,1,3,0,0,0,1,0,0
0,1,4,1,0,0,1,0,0,1,6,0,0,0,0,0,0
0,1,2,0,0,1,1,0,0,1,2,0,0,1,0,0,0
0,1,4,0,0,0,0,1,0,1,3,0,0,0,0,0,0
0,1,4,1,1,1,0,0,0,1,3,0,1,1,0,0,0
0,1,2,0,1,0,0,0,0,0,1,0,0,0,0,0,0
0,1,1,1,0,0,0,1,0,0,0,1,0,0,0,0,0
0,0,5,4,1,0,0,0,0,0,4,2,0,0,0,0,0
0,1,6,2,0,0,0,1,0,1,4,1,0,0,0,0,0
0,0,5,1,1,0,0,0,0,0,5,1,1,0,0,0,0
1,1,3,2,0,0,0,0,0,0,2,1,0,0,0,1,0
0,1,4,1,0,0,0,0,0,1,2,2,0,0,0,0,0
0,0,3,1,0,0,0,0,0,0,2,1,0,0,0,0,0
0,1,6,2,1,0,1,0,0,1,4,3,1,0,0,0,0
1,1,2,1,0,1,0,0,0,1,2,1,0,0,0,0,0
0,0,3,1,0,0,0,0,0,0,2,1,0,0,0,0,0
1,1,6,3,1,0,1,1,1,1,6,4,1,0,0,0,0
0,1,2,1,1,0,0,0,0,1,2,0,0,0,0,0,0
0,1,2,1,1,0,0,1,0,1,1,1,0,0,0,0,0
0,1,5,1,0,0,0,1,0,1,3,1,0,0,0,0,0
0,1,5,2,0,0,0,0,0,1,3,2,1,0,0,0,0
0,1,2,3,1,0,0,0,0,0,1,2,0,0,0,0,0
1,1,6,2,1,0,0,0,0,1,4,1,0,0,0,0,0
0,2,5,1,1,0,0,0,0,1,2,1,1,0,0,0,0
0,1,4,2,1,1,0,0,0,1,4,1,0,0,0,0,0
1,1,5,3,1,0,0,0,1,2,6,4,0,0,0,0,0
1,1,9,4,1,0,1,0,0,1,7,5,1,0,0,0,0
0,1,6,3,0,0,0,1,0,0,5,3,0,0,0,0,0
0,2,4,2,0,0,1,0,0,1,3,2,0,1,1,0,0
1,2,3,2,1,1,0,0,1,1,4,3,1,0,0,0,0
0,1,2,1,0,1,0,1,0,1,2,1,0,0,0,0,0
0,1,2,1,1,0,0,0,0,1,1,1,0,0,0,0,0
0,1,1,1,0,1,0,1,0,1,1,1,0,0,0,0,0
1,1,4,1,0,0,0,0,0,1,2,1,0,0,0,0,0
0,0,3,2,0,1,0,1,0,0,2,3,0,0,0,3,0
1,0,3,2,0,0,1,0,1,0,2,2,0,0,0,0,0
0,0,4,3,1,1,1,0,0,0,6,3,0,0,0,0,0
0,1,3,1,1,0,0,0,0,1,2,1,0,0,0,0,0
1,1,3,1,0,0,0,1,0,0,4,1,0,0,0,0,0
1,2,5,1,0,0,0,0,0,1,4,2,0,0,0,0,0
0,1,3,1,1,1,1,0,0,0,3,0,1,0,0,0,0
0,1,4,1,0,0,0,0,0,1,3,2,0,0,0,0,0
0,0,5,2,1,0,0,0,0,0,5,3,1,0,0,1,0
0,1,3,1,0,0,0,0,0,0,2,1,0,0,0,0,0
1,1,2,1,0,1,0,0,0,1,2,0,0,0,0,0,0
0,1,5,1,0,0,0,0,0,0,3,0,0,0,0,0,0
0,1,1,1,0,0,0,1,0,0,0,0,0,0,0,0,0
0,1,3,1,0,1,1,0,0,0,4,1,1,0,0,0,0
0,2,3,1,1,0,1,0,0,3,3,0,0,0,0,0,0
1,1,4,1,1,0,0,0,0,1,2,1,0,0,0,0,0
0,1,4,1,1,0,0,0,0,0,4,1,0,0,0,0,0
0,1,2,1,0,1,0,0,0,1,1,1,0,0,1,0,0
0,1,4,1,1,0,1,0,0,0,3,1,0,0,0,0,0
1,0,2,1,0,0,0,0,0,0,2,1,0,0,0,0,0
0,1,3,1,0,0,0,0,0,1,2,1,0,0,0,0,0
1,1,4,3,1,1,0,1,1,1,3,3,0,0,0,0,0
0,1,5,1,0,0,0,0,0,1,2,1,0,0,0,0,0
0,0,2,2,0,0,0,1,0,0,1,2,0,0,0,0,0
0,1,7,4,1,1,0,1,0,1,7,4,1,0,0,0,0
0,1,3,1,0,0,0,0,0,1,2,1,0,0,0,0,0
0,0,3,1,0,0,0,1,0,0,2,0,0,0,0,0,0
1,3,5,2,1,1,0,0,0,3,4,1,1,0,0,0,0
1,2,4,3,0,0,0,0,0,1,4,3,1,0,0,0,0
0,1,5,3,1,1,0,0,0,1,2,1,0,1,0,0,0
0,0,4,2,1,1,0,0,0,0,3,2,1,1,0,0,0
0,1,4,2,1,0,0,0,0,1,3,0,0,0,0,1,0
0,2,1,1,1,0,0,0,0,1,0,0,0,0,0,0,0
1,1,4,3,1,1,0,0,0,0,2,2,0,1,0,0,0
0,1,3,2,1,0,0,0,0,1,3,1,0,0,0,0,0
0,1,3,2,1,0,0,0,0,0,2,1,0,0,0,0,0
0,1,4,2,1,1,1,0,0,1,3,3,0,1,1,0,0
0,2,5,4,1,1,0,0,1,1,5,3,1,0,0,0,0
0,1,4,1,1,1,0,0,0,1,3,1,0,0,0,0,0
0,1,3,1,0,0,0,0,0,0,2,0,0,1,0,0,0
0,1,4,2,1,0,1,0,0,1,3,2,1,0,0,0,0
0,0,3,1,0,0,1,0,0,0,2,1,0,0,0,1,0
0,0,2,1,0,0,0,0,0,0,3,1,0,0,0,0,0
0,1,3,2,0,0,1,0,0,1,3,1,0,0,1,0,0
1,1,4,1,1,0,0,0,0,0,5,0,0,0,0,0,0
0,0,3,1,1,0,0,0,0,1,1,3,0,0,0,0,0
1,1,2,1,0,0,0,0,0,1,1,1,0,0,0,0,0
0,1,4,0,0,0,0,0,0,1,4,0,0,0,1,1,0
0,1,5,1,0,1,0,0,0,0,4,0,0,0,0,0,0
0,1,2,0,0,0,0,0,0,0,1,0,0,0,0,0,0
1,1,2,1,0,0,0,0,0,0,1,0,0,0,0,0,0
0,1,2,1,1,1,1,0,0,1,1,0,0,0,0,1,0
0,0,2,1,0,0,0,0,0,0,2,1,0,0,0,0,0
0,1,4,1,0,0,0,1,0,0,2,0,0,0,0,0,0
0,1,3,0,0,1,0,0,0,1,3,0,0,0,0,0,0
0,1,2,0,0,1,0,0,0,0,2,0,0,0,0,0,0
0,1,2,0,1,0,0,1,0,1,2,0,0,0,0,0,0
0,1,4,1,1,0,0,1,0,1,3,0,0,0,0,0,0
1,1,2,0,1,0,1,0,1,2,1,0,0,0,0,0,0
1,2,3,0,0,0,0,0,0,2,1,0,0,0,0,0,0
0,1,1,0,1,0,0,0,0,1,1,0,0,0,0,0,0
1,0,3,1,0,0,0,1,1,0,3,0,0,0,0,0,0
1,1,2,0,0,0,1,1,0,1,1,1,0,0,0,0,0
0,1,3,1,1,0,1,1,0,0,2,0,0,0,0,0,0
1,1,3,0,1,0,0,0,0,0,2,0,0,0,0,0,0
0,1,1,1,0,0,0,1,0,0,1,0,0,0,0,0,0
0,1,2,0,0,0,0,0,0,1,1,0,1,0,0,0,0
0,0,4,2,1,0,1,0,0,1,4,4,1,0,0,0,0
0,0,2,1,0,0,0,0,0,0,1,0,0,0,0,0,0
0,1,2,0,0,0,1,0,0,1,2,0,1,0,0,0,0
1,0,2,0,1,0,0,0,1,0,2,0,0,0,0,0,0
0,1,2,1,0,0,0,0,0,1,1,1,0,0,0,0,0
0,1,1,0,1,0,0,0,0,0,1,0,0,0,0,0,0
1,1,1,1,0,0,0,0,1,0,1,1,0,0,0,0,0
0,0,1,0,1,0,0,0,0,0,1,0,0,0,0,0,0
0,0,1,0,1,0,0,0,0,0,0,1,0,0,0,0,0
0,1,2,0,1,0,1,1,0,0,2,0,0,0,1,0,0
1,2,2,1,1,0,1,0,1,1,1,0,0,0,0,0,0
0,1,4,0,1,0,0,0,0,1,2,0,0,0,0,0,0
0,1,3,1,0,1,0,0,0,0,3,0,0,0,0,0,0
1,0,3,1,1,0,0,0,0,0,2,0,0,0,0,0,0
0,1,2,0,0,0,0,1,0,0,4,0,0,0,0,0,0
0,1,3,0,0,0,0,0,0,0,2,0,0,0,0,0,0
1,1,2,1,0,0,0,0,0,0,2,1,0,0,0,0,0
0,1,2,0,0,0,0,1,0,0,1,0,0,0,0,0,0
0,1,2,0,1,0,0,0,0,1,2,0,0,0,0,0,0
0,0,2,0,0,0,1,1,0,0,1,0,0,0,1,1,0
0,1,4,1,0,0,0,0,0,1,3,1,0,0,0,0,0
1,1,3,0,0,0,0,0,0,0,2,0,0,0,0,0,0
0,1,2,1,0,0,0,0,1,2,1,0,0,0,0,0,0
0,1,3,1,0,0,0,0,0,1,4,0,0,0,0,0,0
0,0,1,0,1,1,1,0,0,0,2,0,0,1,0,0,0
1,1,4,1,0,0,0,0,0,1,3,0,0,0,0,0,0
0,1,1,1,1,0,0,0,0,0,1,1,0,0,0,0,0
0,1,2,0,1,0,0,0,0,1,2,0,0,0,0,0,0
0,1,2,0,0,1,0,0,0,0,2,0,0,0,0,0,0
0,1,3,1,1,0,2,1,0,1,2,0,0,0,5,0,0
0,1,3,1,1,0,2,1,0,0,2,0,1,1,2,0,0
0,0,3,1,0,0,0,0,0,0,3,0,0,0,0,0,0
0,1,3,0,0,0,0,1,0,1,4,0,0,0,0,0,0
1,1,4,1,0,0,0,0,0,1,5,0,0,0,0,0,0
1,1,2,1,0,0,0,0,0,0,2,1,0,0,0,0,0
0,1,2,0,0,0,0,0,0,1,2,1,0,0,0,0,0
1,1,5,2,1,0,0,0,0,1,3,2,0,0,0,0,0
1,1,3,1,0,0,0,0,1,0,3,2,0,0,0,0,0
0,0,2,0,1,0,0,0,0,0,1,0,0,0,0,0,0
0,0,3,1,0,0,0,0,0,0,2,0,0,0,0,0,0
0,1,1,0,0,0,0,0,0,1,1,0,1,0,0,0,0
0,0,3,1,0,0,0,0,0,0,3,0,0,0,0,0,0
0,1,3,0,1,0,0,0,0,1,3,0,0,0,0,0,0
0,1,3,1,0,0,1,1,0,1,3,0,0,0,0,0,0
0,1,2,0,0,0,1,0,0,1,1,0,0,0,0,0,0
23,24,6,21,6,5,11,14,15,13,4,16,6,4,7,11,1
15,15,8,43,23,8,6,6,11,15,8,31,20,5,4,8,1
32,24,7,32,16,7,13,21,15,11,4,18,8,4,8,14,1
21,16,6,16,12,6,11,16,22,11,5,19,7,6,7,14,1
24,18,13,35,25,6,12,18,19,14,7,31,19,4,4,10,1
16,18,4,10,14,8,11,19,13,14,3,11,7,5,9,13,1
26,22,11,19,12,4,9,17,17,22,9,12,9,3,5,12,1
18,17,7,17,9,3,8,13,12,14,6,13,7,3,5,10,1
22,17,5,13,9,5,16,31,19,19,5,9,9,4,11,22,1
7,3,5,8,10,4,6,14,8,2,5,9,13,5,4,11,1
20,13,8,7,15,4,11,21,19,11,5,8,7,3,6,13,1
12,17,10,17,5,3,5,14,10,14,11,15,3,2,3,9,1
18,17,7,10,13,5,7,20,13,8,5,12,10,4,5,14,1
22,20,10,18,6,3,9,20,12,16,6,10,4,1,4,13,1
22,26,8,19,21,6,8,13,12,17,5,15,13,4,5,8,1
15,15,9,23,14,5,7,17,15,12,5,16,11,5,5,11,1
28,14,6,17,12,4,7,14,22,10,3,10,10,5,7,9,1
18,8,9,10,15,5,8,18,11,5,5,3,9,3,7,12,1
15,12,4,20,7,4,5,14,12,10,3,14,6,1,4,9,1
29,12,5,7,10,6,12,24,24,10,5,7,10,4,9,19,1
22,23,9,15,12,6,8,13,17,12,6,8,10,3,6,8,1
12,12,10,17,14,7,7,14,8,12,6,16,9,4,5,14,1
18,14,6,19,12,3,6,15,14,11,4,8,9,3,5,11,1
12,15,6,22,13,5,7,14,9,20,5,18,8,4,6,9,1
23,12,7,21,15,6,10,21,15,12,4,13,9,4,8,15,1
6,9,5,19,8,2,3,10,5,9,4,15,8,1,2,7,1
19,17,8,12,12,5,10,25,10,9,5,7,12,4,7,24,1
18,13,7,14,9,7,12,23,13,11,3,7,11,3,7,19,1
21,18,4,12,7,4,7,14,13,12,2,7,4,3,4,10,1
14,17,4,16,11,4,7,16,11,8,3,13,8,4,6,10,1
17,27,4,15,10,5,6,17,11,8,5,12,6,5,6,11,1
16,8,6,23,16,6,9,16,12,6,4,26,9,3,5,9,1
18,11,7,18,15,5,5,10,16,9,5,16,10,2,3,7,1
28,15,8,17,14,5,10,19,18,13,4,11,12,4,6,13,1
19,9,7,20,10,3,6,17,17,6,6,21,9,2,4,11,1
22,17,5,16,11,8,11,21,22,12,3,12,11,4,7,15,1
17,14,4,11,16,5,8,15,9,7,4,10,18,3,5,11,1
9,9,6,10,12,3,7,14,5,7,6,7,8,2,4,12,1
7,11,4,12,8,4,4,7,4,12,3,9,7,3,3,5,1
11,6,3,11,6,5,9,21,6,5,2,12,6,2,4,15,1
12,19,5,18,9,5,6,13,10,18,4,16,8,3,4,10,1
13,19,4,19,7,5,9,17,8,10,3,16,5,3,6,13,1
15,10,4,14,8,4,3,7,6,4,4,12,5,3,2,3,1
15,15,6,15,17,6,10,14,9,12,4,8,14,6,7,12,1
16,21,8,16,11,4,10,21,16,18,6,13,9,3,5,10,1
18,15,5,9,5,3,6,12,11,10,2,10,4,2,4,7,1
15,15,4,8,9,4,7,16,12,6,3,5,6,3,4,8,1
13,14,6,6,9,5,11,18,15,7,2,5,8,4,8,15,1
26,20,6,16,7,5,10,20,29,15,3,10,4,4,7,18,1
18,18,6,15,8,4,7,13,16,15,4,7,5,3,8,13,1
9,18,7,21,21,7,9,15,9,11,4,17,20,7,5,12,1
19,14,6,13,11,5,9,19,13,8,5,7,6,4,6,15,1
14,23,12,16,10,5,10,21,13,15,6,14,9,3,7,12,1
10,4,6,11,7,5,6,12,6,7,7,9,8,3,2,7,1
13,18,8,10,20,4,6,10,6,10,5,4,10,4,3,10,1
11,12,6,23,10,4,7,12,7,7,4,15,7,2,4,10,1
18,13,12,9,11,5,7,11,15,9,8,8,8,3,5,11,1
12,12,3,17,9,5,7,9,9,9,2,10,6,4,5,10,1
18,20,10,15,6,3,7,16,10,12,5,6,5,2,6,13,1
27,13,4,16,20,8,8,16,21,9,2,14,11,4,4,15,1
26,25,7,13,12,8,13,28,18,20,4,10,7,6,10,16,1
13,30,9,10,16,6,5,7,7,17,4,13,14,4,5,4,1
15,14,5,10,10,4,7,19,6,14,4,6,7,3,5,9,1
15,15,7,15,9,6,11,22,9,20,5,13,11,4,8,13,1
15,17,5,15,6,4,9,21,14,11,2,13,4,2,5,13,1
12,14,6,11,8,4,6,13,6,9,6,11,6,2,3,5,1
15,8,5,8,8,4,7,15,14,5,4,10,6,3,7,17,1
22,16,5,9,9,6,9,16,12,13,3,7,7,3,5,8,1
20,13,4,11,8,5,10,20,21,7,2,5,7,4,7,18,1
12,15,6,7,6,3,7,19,10,9,4,5,4,3,7,15,1
12,11,10,18,11,4,7,10,12,9,5,14,9,2,4,11,1
14,8,3,9,7,5,6,10,13,7,2,6,5,3,5,9,1
11,9,6,16,6,3,7,14,8,6,2,10,5,2,6,13,1
9,16,5,10,7,3,7,12,8,14,3,6,4,2,4,7,1
7,10,4,11,14,5,4,9,4,7,3,10,7,4,4,8,1
14,12,6,9,9,5,7,12,6,11,3,9,7,3,3,8,1
18,24,8,7,5,6,9,18,9,10,5,5,7,4,9,16,1
21,17,5,8,7,4,8,19,19,22,5,9,3,3,6,17,1
18,12,7,12,8,6,9,18,13,11,4,11,6,5,8,16,1
20,15,4,15,6,3,11,29,17,11,3,13,1,2,10,26,1
10,11,4,13,12,7,11,20,9,6,4,17,9,4,9,16,1
13,16,5,11,11,6,11,18,8,6,4,12,10,4,8,17,1
15,15,7,16,21,6,11,20,13,12,3,13,12,4,7,14,1
29,41,17,12,13,6,8,17,14,24,8,11,11,2,7,14,1
24,24,8,15,23,9,13,18,20,11,7,15,21,7,10,13,1
25,36,8,18,11,8,11,21,22,16,4,8,16,5,7,17,1
13,17,6,21,16,7,11,17,9,14,3,12,16,7,7,16,1
19,29,8,10,22,9,9,18,22,21,5,8,18,5,9,15,1
20,24,9,13,14,7,7,14,20,16,4,12,7,4,4,8,1
20,23,11,10,10,5,12,22,19,13,8,7,15,6,9,18,1
16,22,7,17,11,7,11,18,8,13,5,8,10,4,9,14,1
15,11,6,16,8,4,10,20,11,9,4,10,5,4,7,14,1
16,12,5,14,13,5,8,11,11,9,3,9,9,3,3,7,1
15,13,7,9,6,4,9,22,13,9,5,10,4,3,7,13,1
24,21,10,11,13,7,12,26,17,19,7,6,8,5,9,11,1
19,24,6,11,10,6,12,18,10,17,5,9,9,4,6,14,1
30,19,9,14,26,4,9,19,11,13,11,11,26,3,3,15,1
38,17,10,11,12,7,27,47,26,12,10,4,13,5,19,28,1
17,13,5,12,5,8,26,21,8,17,4,6,5,6,20,13,1
16,13,6,12,7,4,12,30,6,10,4,9,6,3,8,15,1
11,6,5,11,11,9,19,30,10,3,4,8,5,7,17,27,1
10,9,3,10,7,5,16,23,5,3,2,6,5,3,12,20,1
11,5,3,7,3,3,13,23,9,3,3,4,2,2,12,21,1
22,15,12,13,10,6,17,27,21,9,9,10,6,3,14,26,1
27,31,10,8,12,7,16,23,19,18,6,3,14,8,10,29,1
18,32,7,10,8,5,10,18,17,24,6,6,6,4,8,10,1
20,24,9,13,5,6,11,20,21,10,7,6,3,5,9,12,1
30,25,14,18,11,11,19,28,22,16,8,18,14,8,15,26,1
24,23,8,11,12,8,16,24,25,23,9,10,9,9,14,26,1
34,17,12,9,6,8,15,28,22,15,11,5,5,6,14,28,1
17,19,12,14,9,9,20,35,11,22,7,7,9,4,12,21,1
13,16,9,15,15,5,12,20,8,10,7,16,12,5,10,10,1
12,11,6,14,6,3,6,12,12,13,5,12,5,2,6,7,1
17,11,5,12,10,6,11,19,11,7,4,9,9,3,7,15,1
22,23,6,7,8,7,18,30,21,13,4,6,5,6,15,20,1
16,16,7,12,9,5,8,24,6,9,5,13,5,4,7,14,1
18,17,10,7,5,10,20,32,19,10,5,8,4,6,10,20,1
13,11,9,10,9,6,13,15,12,13,7,8,9,5,7,12,1
18,13,10,24,12,8,11,18,10,9,7,19,9,6,8,4,1
18,21,10,17,12,6,9,17,14,13,5,15,8,3,5,10,1
10,10,6,22,13,4,10,22,6,5,4,16,8,3,7,14,1
24,27,8,16,13,5,6,13,13,20,4,10,11,3,5,6,1
26,16,11,31,11,6,13,24,20,8,5,20,9,5,11,17,1
37,18,6,13,7,9,15,29,25,9,4,13,5,6,7,10,1
29,27,9,10,10,7,18,34,19,22,6,5,9,4,13,22,1
25,31,6,16,11,6,13,21,16,22,6,14,10,4,10,23,1
16,22,8,10,12,7,14,21,16,13,7,5,6,4,9,13,1
24,23,10,12,11,7,14,21,22,20,7,10,9,8,15,25,1
13,11,7,14,11,3,9,17,10,8,4,10,7,2,7,14,1
14,22,9,17,14,5,7,15,11,14,5,11,6,4,5,6,1
13,25,8,18,11,6,10,21,11,20,7,13,10,6,9,17,1
18,17,8,14,12,8,10,13,9,14,9,5,3,5,6,10,1
17,12,6,16,12,5,9,16,10,11,4,23,7,3,6,12,1
18,17,7,14,20,6,8,15,12,13,9,8,20,6,5,17,1
13,13,7,12,20,6,11,15,7,14,4,5,18,6,10,15,1
21,18,6,24,13,8,12,19,16,14,3,18,10,10,10,14,1
13,19,8,19,11,5,6,16,10,9,5,12,9,3,5,13,1
15,14,7,18,14,7,12,16,6,13,4,15,7,4,7,12,1
14,15,3,15,14,6,7,17,7,8,2,14,10,5,5,8,1
19,12,5,8,14,6,9,18,25,13,4,8,10,5,8,16,1
11,17,8,22,13,8,11,20,10,8,3,16,11,4,5,12,1
15,10,7,21,13,5,10,23,14,6,4,12,11,4,8,16,1
12,15,8,15,11,4,10,17,14,11,5,8,9,2,4,11,1
24,21,7,21,16,9,15,29,29,20,7,16,10,7,12,23,1
21,20,6,20,15,4,11,17,19,12,4,16,12,3,5,15,1
12,18,5,11,9,5,8,19,8,13,3,9,6,4,7,16,1
14,11,4,16,11,5,10,13,9,8,3,11,9,3,3,11,1
28,21,10,29,13,9,16,26,24,13,10,26,8,5,8,16,1
10,18,9,30,15,7,13,12,13,11,7,24,13,4,9,8,1
24,25,6,13,11,5,9,21,15,21,4,12,7,4,10,23,1
16,18,7,15,13,4,7,22,15,12,7,15,6,2,5,19,1
27,28,7,15,14,6,7,15,21,21,5,19,13,5,6,14,1
21,18,10,20,11,6,12,27,8,13,7,21,9,4,11,20,1
19,13,5,14,12,6,13,28,14,7,3,9,7,4,9,13,1
16,13,6,15,9,4,6,19,13,8,5,12,10,5,4,11,1
26,13,6,23,14,7,11,22,19,10,5,17,16,5,8,9,1
24,17,6,14,13,7,12,28,24,15,5,6,6,5,12,26,1
20,15,5,15,8,5,10,25,22,12,3,13,7,3,7,21,1
29,13,6,16,17,9,15,26,16,10,4,18,13,5,9,13,1
26,15,7,19,12,6,12,34,17,16,3,9,6,4,11,28,1
23,19,10,15,12,6,9,15,8,18,8,15,11,4,6,12,1
22,10,6,20,8,5,6,23,16,7,4,14,4,4,5,15,1
19,16,7,13,7,5,9,12,12,13,4,13,7,4,5,12,1
18,16,8,13,14,7,8,25,11,15,6,10,15,5,8,19,1
10,14,5,19,16,6,12,26,9,13,6,15,11,5,8,21,1
18,15,7,27,15,7,8,21,12,7,4,20,9,3,5,21,1
20,16,5,19,10,5,8,27,17,11,3,14,5,3,5,19,1
17,17,7,18,18,5,10,24,13,14,4,15,13,3,5,15,1
14,13,6,16,11,4,8,9,7,9,3,15,9,3,7,8,1
4,13,5,13,6,4,7,15,3,9,2,6,5,2,5,13,1
23,19,7,19,6,4,8,17,9,18,4,16,4,4,5,11,1
18,12,4,18,7,6,12,21,16,7,3,10,4,4,7,8,1
15,11,4,13,9,3,9,24,10,11,4,8,10,3,8,20,1
15,14,5,15,12,8,13,28,9,5,3,11,8,5,14,27,1
13,26,5,9,11,6,9,14,12,18,4,7,9,5,6,9,1
10,22,8,11,12,4,15,22,5,17,10,8,10,5,7,16,1
31,20,9,13,12,8,17,41,22,12,6,10,9,6,13,24,1
19,16,12,19,14,6,14,23,12,11,10,20,14,5,8,13,1
20,21,6,16,7,3,8,26,13,8,3,9,6,3,11,16,1
19,16,4,6,6,6,13,35,10,12,2,6,5,4,10,16,1
17,9,6,19,10,8,12,27,9,8,4,13,11,5,8,17,1
20,14,2,9,9,5,9,21,13,11,1,9,10,4,7,20,1
17,15,12,31,10,6,12,21,10,12,10,25,9,4,8,12,1
33,17,5,9,7,8,16,30,16,12,4,10,6,4,12,23,1
14,20,8,27,10,5,7,11,10,16,5,22,11,4,5,8,1
23,17,6,18,10,4,6,14,13,11,3,13,8,2,5,11,1
27,15,8,13,14,4,9,20,22,14,6,7,9,5,7,14,1
15,20,11,23,11,5,12,22,13,22,11,27,9,4,9,23,1
22,26,9,20,7,5,10,23,23,17,7,16,5,4,10,16,1
25,19,6,17,9,4,6,16,17,9,6,15,8,3,4,13,1
18,9,5,19,9,7,11,23,14,7,2,9,6,5,5,15,1
18,18,8,17,13,6,9,19,20,18,6,20,16,5,8,14,1
20,16,8,22,8,4,6,18,13,11,4,15,9,3,6,17,1
26,19,9,27,12,4,11,24,22,12,6,29,10,3,9,22,1
13,11,3,20,12,7,13,23,11,8,3,16,8,5,9,15,1
16,8,6,20,7,3,6,13,9,5,3,16,6,2,5,8,1
15,11,5,23,9,4,6,18,6,9,5,20,6,2,5,15,1
15,16,5,16,12,9,13,19,9,12,4,12,8,2,6,17,1
19,18,7,24,13,5,10,25,12,18,5,20,11,3,6,16,1
13,20,5,27,8,6,9,26,9,12,4,18,7,4,8,17,1
16,14,3,11,6,4,7,25,11,13,2,11,6,3,5,14,1
18,11,9,19,14,5,7,13,10,7,6,12,16,4,3,10,1
9,8,5,15,7,4,5,13,8,6,4,18,5,3,4,8,1
15,19,5,24,6,3,5,13,10,9,4,20,4,2,3,11,1
12,9,3,24,17,7,10,21,5,7,2,16,19,5,7,13,1
23,10,6,16,12,6,9,15,14,10,3,11,11,5,5,11,1
14,14,7,14,8,1,5,10,8,9,3,10,4,1,3,6,1
16,11,4,25,7,4,7,18,12,6,3,17,3,1,4,12,1
17,16,5,10,4,4,8,18,12,7,3,7,5,2,5,17,1
17,13,4,19,7,4,10,18,12,7,3,20,4,3,8,10,1
17,22,4,16,7,5,11,21,9,10,2,12,5,3,8,7,1
20,15,4,21,10,6,9,19,14,13,3,24,13,5,9,17,1
18,10,5,16,12,4,5,11,18,6,4,13,7,2,4,8,1
9,13,6,13,7,4,7,9,6,7,3,16,6,2,3,7,1
15,16,8,17,7,3,7,17,8,9,7,12,5,2,7,12,1
13,16,11,7,14,6,8,14,12,13,6,7,11,3,5,10,1
14,13,5,15,13,5,5,16,9,7,4,9,8,4,4,14,1
16,17,8,21,10,6,9,18,10,10,6,18,9,3,8,14,1
18,12,7,18,9,4,7,14,6,9,4,18,7,2,4,7,1
14,14,9,23,22,7,11,24,10,9,7,19,18,3,11,24,1
17,13,3,15,17,7,9,17,12,10,2,11,9,2,7,14,1
20,22,7,18,23,9,8,26,15,14,4,9,11,4,6,17,1
13,19,6,17,13,3,6,12,10,13,3,26,10,2,4,6,1
18,21,7,32,16,9,15,19,14,19,5,16,12,5,7,14,1
21,16,11,13,9,5,10,20,14,9,7,8,5,2,6,12,1
18,15,10,39,15,4,11,23,12,13,8,31,8,4,8,18,1
12,16,4,21,16,4,7,19,7,12,3,11,11,3,7,10,1
29,26,6,17,12,5,8,20,19,18,4,21,11,3,8,22,1
12,17,3,15,10,5,9,16,7,22,2,13,6,5,8,14,1
21,16,5,21,11,5,8,14,11,10,4,10,5,4,10,14,1
16,10,10,9,8,4,6,18,11,9,9,6,7,3,2,8,1
18,18,8,17,13,10,14,16,12,7,3,13,7,3,7,15,1
14,11,5,14,14,4,7,17,7,8,3,9,8,2,6,16,1
31,22,7,13,16,6,14,29,24,13,6,8,10,5,7,21,1
13,22,7,27,14,5,8,20,8,17,5,21,13,4,5,8,1
14,18,5,14,7,5,6,17,11,16,6,10,4,3,4,10,1
12,12,8,15,10,4,5,13,8,11,7,14,17,3,2,13,1
17,13,7,16,9,4,9,16,7,8,5,15,8,6,14,16,1
27,25,10,22,12,6,11,23,22,15,8,18,6,5,11,26,1
22,21,7,18,9,4,7,15,15,16,5,12,4,3,5,13,1
15,15,8,16,13,5,10,26,11,7,5,11,8,4,9,11,1
12,16,8,29,12,8,10,15,9,7,5,27,12,6,6,10,1
15,15,6,24,8,4,4,10,10,9,3,14,9,4,2,5,1
22,15,7,19,12,7,8,13,19,11,4,15,9,5,9,10,1
23,19,7,16,10,4,9,15,14,12,6,14,9,3,8,9,1
14,20,4,14,9,4,9,11,9,16,4,11,6,3,4,7,1
10,12,4,14,6,3,6,12,11,10,3,11,5,2,5,10,1
15,15,8,20,12,4,7,18,7,14,6,22,7,4,6,14,1
20,18,8,30,13,6,11,27,14,10,6,13,11,4,8,19,1
13,16,6,20,13,5,10,19,8,8,6,14,8,4,7,9,1
26,16,6,15,18,7,14,31,10,9,3,15,11,6,10,29,1
24,23,9,17,17,13,20,31,19,12,5,14,12,6,10,30,1
12,21,6,18,22,8,10,14,12,11,3,14,11,6,8,14,1
15,13,6,20,12,7,12,20,12,14,6,14,8,5,12,18,1
19,21,9,20,8,4,9,18,9,16,7,18,4,3,8,18,1
23,20,9,15,8,6,10,18,13,16,4,13,5,3,6,13,1
24,27,10,22,18,6,14,14,20,17,9,18,9,3,9,16,1
19,18,6,13,7,4,6,13,15,10,6,13,7,4,6,5,1
22,14,7,24,16,7,17,25,16,11,6,19,10,4,10,21,1
19,32,11,30,19,8,11,20,9,22,7,24,13,7,6,15,1
23,16,9,23,23,7,6,17,17,14,7,13,17,4,4,12,1
34,24,15,26,23,9,15,22,14,28,7,17,15,5,8,12,1
20,22,7,14,21,9,11,18,12,11,4,13,12,6,5,13,1
8,11,15,6,5,2,5,8,4,12,14,4,3,1,5,4,1
26,18,9,14,5,5,14,23,26,17,8,16,2,4,9,23,1
23,24,16,12,6,4,9,16,13,15,11,10,4,3,7,14,1
8,7,10,4,6,3,6,10,6,9,8,3,5,3,4,6,1
8,8,5,17,11,5,4,5,7,8,4,18,13,6,2,4,1
10,9,5,4,7,3,5,12,8,13,4,3,6,4,6,12,1
11,15,5,10,6,3,5,6,3,15,4,6,4,2,4,7,1
10,10,3,8,7,2,5,10,6,9,3,5,5,3,6,8,1
7,5,3,4,3,2,5,10,5,4,2,4,2,1,4,7,1
9,5,3,5,6,3,5,10,6,4,2,3,5,2,2,7,1
11,14,6,8,4,3,8,12,11,9,5,6,4,3,5,11,1
21,25,6,13,8,5,7,18,11,14,3,18,5,3,4,10,1
15,18,8,13,18,7,7,15,12,15,8,10,18,5,5,11,1
24,20,19,19,21,8,9,16,15,14,11,26,14,3,4,6,1
20,22,12,31,22,8,7,14,19,10,13,25,22,4,5,13,1
25,23,13,29,15,5,8,19,28,20,8,18,13,6,9,23,1
29,27,15,34,26,13,17,42,20,9,8,24,18,9,13,23,1
21,25,17,30,19,11,16,39,12,11,9,24,15,6,7,25,1
17,29,9,23,14,6,9,20,13,26,7,18,10,4,5,16,1
17,25,14,25,20,8,8,19,16,20,8,25,17,5,7,13,1
35,36,15,25,18,10,16,31,24,30,17,21,11,9,16,33,1
25,27,7,19,15,6,12,21,20,25,6,9,9,6,11,22,1
22,22,11,13,17,8,12,26,12,11,11,7,13,4,11,21,1
26,31,15,26,24,12,15,25,20,29,11,17,26,11,12,16,1
20,16,13,13,10,7,9,18,13,10,12,9,11,5,6,14,1
21,31,9,19,14,8,15,23,14,15,5,16,6,6,13,14,1
27,27,13,12,11,8,20,30,18,21,6,8,8,7,20,25,1
20,22,15,15,11,6,10,29,14,26,9,8,5,5,8,17,1
20,29,6,9,12,8,10,21,15,22,4,3,6,7,10,20,1
27,25,16,21,12,6,10,19,15,26,12,18,8,5,8,10,1
28,23,12,13,12,6,10,23,13,19,10,16,15,5,7,11,1
26,33,12,18,6,4,9,15,25,26,10,16,5,3,7,14,1
19,17,17,13,7,8,12,22,17,12,15,11,5,5,8,16,1
29,29,13,11,7,6,11,25,28,13,11,7,6,6,10,22,1
14,16,19,16,9,4,7,17,7,10,10,14,7,2,5,8,1
15,22,16,20,21,8,6,9,12,12,14,16,16,5,3,6,1
27,18,11,18,10,6,9,18,15,18,10,14,6,4,5,10,1
19,19,7,5,5,8,22,40,11,10,3,4,4,5,21,28,2
8,17,6,4,4,6,14,40,8,11,4,2,2,3,11,24,2
22,15,7,3,3,4,36,46,6,13,6,4,3,3,25,35,2
13,10,4,4,3,4,20,30,9,5,2,3,2,2,17,36,2
11,6,2,3,3,5,17,38,7,5,1,2,2,3,13,33,2
6,7,3,3,3,3,29,28,3,4,3,2,1,3,24,21,2
18,11,3,3,3,5,19,25,9,7,2,2,3,4,14,17,2
11,7,3,6,4,5,20,32,10,6,2,5,4,5,15,24,2
22,6,4,2,2,5,26,45,11,9,3,2,1,2,16,33,2
11,11,3,3,3,5,23,29,10,8,3,3,3,6,17,25,2
10,4,3,3,2,3,20,25,7,3,1,2,2,2,22,17,2
11,6,2,2,2,2,23,33,8,6,1,2,1,2,13,24,2
10,8,2,4,3,3,9,40,7,6,2,2,2,2,5,28,2
9,7,3,4,2,2,12,15,5,4,1,3,2,2,10,9,2
9,11,3,4,3,3,15,23,5,10,1,3,2,2,9,15,2
17,8,3,2,3,5,10,15,10,5,3,2,2,5,11,9,2
13,13,3,2,2,3,14,23,9,7,2,2,1,4,9,18,2
12,10,3,2,3,6,12,37,8,7,2,1,1,3,8,18,2
13,13,5,5,4,7,19,24,14,7,5,5,4,4,14,15,2
15,10,3,3,2,3,18,34,15,7,2,2,1,2,12,30,2
8,10,2,3,2,2,18,35,5,4,2,2,1,2,11,27,2
19,14,5,4,3,4,17,34,14,9,3,2,1,4,10,17,2
16,14,5,3,3,4,12,43,10,10,2,2,2,3,12,24,2
10,11,3,4,3,4,19,50,7,4,2,3,2,2,13,33,2
8,8,3,3,2,4,13,41,4,7,2,2,2,2,9,33,2
12,7,3,2,2,3,19,38,3,8,1,2,1,3,12,25,2
9,10,5,4,4,6,14,39,5,6,1,3,2,3,10,26,2
12,5,2,3,2,4,9,29,8,4,1,3,2,3,11,22,2
11,5,3,4,3,4,17,41,8,4,2,3,2,3,7,30,2
11,6,3,3,3,3,15,22,8,6,2,2,1,1,15,14,2
12,7,2,2,1,3,13,18,8,5,1,1,1,2,9,13,2
9,5,3,3,3,3,20,37,5,4,2,2,1,2,20,39,2
12,8,4,4,3,4,19,23,6,3,2,3,2,4,12,15,2
10,3,2,2,2,3,14,29,10,2,1,2,1,2,11,12,2
13,3,2,2,1,3,18,42,17,5,1,0,1,3,14,26,2
11,3,2,3,3,3,15,32,8,1,2,2,1,2,9,14,2
10,4,4,3,2,3,13,28,9,2,1,2,1,2,8,21,2
8,5,2,2,1,2,8,19,7,2,1,2,1,2,8,8,2
7,4,3,4,2,4,8,18,6,2,1,4,3,3,6,13,2
11,7,2,4,2,3,16,38,10,3,1,2,1,3,7,20,2
7,4,3,1,2,4,9,18,4,3,2,1,1,2,12,16,2
12,6,4,1,0,3,12,28,3,5,2,0,0,2,10,18,2
15,5,2,2,2,3,13,34,11,2,2,1,2,3,7,25,2
8,14,2,3,2,3,8,34,5,8,2,2,1,1,6,19,2
9,7,3,3,2,4,15,35,5,8,2,2,2,3,13,14,2
14,13,3,3,2,2,11,34,11,12,2,3,2,1,9,23,2
7,7,3,3,2,4,15,32,6,5,3,2,2,5,12,21,2
6,8,1,3,2,4,14,17,5,3,1,1,1,2,13,10,2
8,8,3,3,2,3,18,42,9,6,2,2,2,3,19,46,2
13,6,3,4,2,4,15,35,9,5,2,2,1,2,15,28,2
9,4,2,2,1,5,15,18,7,3,1,1,1,2,13,11,2
12,5,3,3,1,3,18,31,10,5,2,2,1,2,19,26,2
9,8,2,3,2,3,20,39,9,5,1,2,2,3,13,23,2
10,9,3,2,2,4,15,18,9,4,2,1,1,2,8,15,2
10,9,4,5,3,5,19,27,8,8,3,5,4,5,10,7,2
22,11,4,3,3,4,17,48,15,10,5,3,3,4,10,29,2
16,5,2,3,2,5,12,41,15,4,2,1,2,3,9,27,2
16,11,3,4,3,4,15,26,6,7,1,4,3,3,14,15,2
12,7,2,2,3,5,15,46,9,4,1,1,2,3,10,33,2
11,4,3,2,1,4,14,30,7,3,3,1,1,2,12,23,2
10,7,2,3,2,3,17,32,6,6,1,2,1,1,15,24,2
13,9,2,3,2,4,13,33,7,4,1,2,2,3,9,20,2
15,5,2,3,3,5,24,34,9,2,2,2,2,4,14,23,2
13,8,3,4,3,3,24,21,12,5,2,3,2,3,21,15,2
10,6,3,3,2,5,18,27,9,4,2,1,2,3,12,17,2
12,5,1,3,2,4,10,24,9,5,1,2,2,3,6,10,2
10,7,2,2,1,3,16,27,6,4,1,2,0,1,9,6,2
15,7,1,3,2,4,13,27,7,4,1,3,2,2,9,22,2
9,3,1,3,2,3,13,30,6,2,1,2,1,1,9,29,2
14,6,4,4,3,4,14,20,9,6,3,5,4,5,9,15,2
17,5,3,1,2,2,16,25,12,6,3,1,1,2,14,16,2
10,3,2,4,3,3,19,25,7,3,2,2,2,3,16,15,2
14,4,2,2,2,3,13,28,7,3,1,1,1,2,8,21,2
13,5,3,3,2,5,19,17,10,4,2,2,1,3,22,6,2
17,5,3,3,2,2,25,24,11,3,3,3,1,2,19,24,2
9,6,2,2,2,4,19,13,7,3,1,3,2,2,9,10,2
16,7,3,4,3,4,14,23,12,7,2,2,1,3,8,26,2
9,5,1,2,1,3,14,23,6,4,1,1,1,1,9,23,2
8,6,1,2,2,3,12,20,8,4,1,2,1,2,12,14,2
11,4,1,2,1,2,11,26,9,2,1,1,1,2,13,17,2
13,5,2,2,2,4,13,26,7,3,1,1,1,2,10,22,2
16,7,3,2,2,3,13,47,16,5,2,1,1,2,15,31,2
8,6,2,2,1,3,16,21,4,4,2,2,1,2,14,21,2
10,6,3,2,2,3,13,13,8,3,3,1,1,4,9,11,2
15,7,3,3,2,3,17,37,8,5,2,3,2,3,17,23,2
12,6,3,4,2,4,21,23,7,4,1,3,2,2,10,15,2
13,3,2,3,2,3,15,17,9,3,2,1,1,2,17,15,2
13,7,2,4,3,4,15,35,10,7,2,5,4,3,13,26,2
5,10,3,4,2,2,10,20,2,6,3,2,2,2,6,24,2
9,5,3,3,3,4,13,18,7,2,2,1,1,3,10,15,2
14,11,3,4,4,5,15,22,12,8,2,3,3,4,10,15,2
10,5,1,2,2,3,12,12,6,3,1,2,1,2,11,12,2
14,6,2,2,2,2,10,29,18,4,2,1,1,2,5,21,2
16,7,3,3,3,5,14,36,8,4,2,2,2,3,9,28,2
12,10,2,3,2,3,10,22,8,9,1,2,1,1,6,11,2
11,7,3,3,2,4,10,36,6,4,2,2,1,3,8,25,2
7,8,1,3,2,3,18,18,3,5,1,2,1,2,10,12,2
8,9,5,3,3,5,18,22,7,7,3,3,2,3,15,19,2
14,9,3,2,1,2,10,16,10,6,2,1,1,2,8,12,2
13,8,3,3,1,4,12,18,11,6,1,1,1,3,6,14,2
14,8,2,2,2,2,11,21,11,8,2,1,1,2,7,16,2
11,7,4,4,2,3,11,15,9,4,2,2,2,2,8,12,2
12,9,3,3,3,4,11,35,9,6,2,3,3,3,7,25,2
13,6,2,1,1,2,13,22,9,5,1,1,1,1,10,23,2
8,8,3,6,4,5,20,28,5,8,2,3,2,3,11,20,2
12,4,1,2,2,3,12,22,9,3,0,1,1,2,8,17,2
16,11,4,4,3,4,22,31,12,10,3,1,1,3,20,16,2
18,6,3,5,4,5,19,34,13,3,2,4,3,3,14,17,2
13,7,4,3,2,4,12,30,9,6,3,3,3,2,7,17,2
12,6,2,3,3,5,17,18,8,2,1,2,2,2,10,12,2
11,7,3,2,2,4,13,29,6,6,2,1,1,3,8,17,2
16,9,1,2,2,3,18,26,9,6,1,1,1,1,13,19,2
11,7,3,3,2,4,17,33,11,6,2,2,2,4,15,29,2
14,6,3,2,2,4,26,35,9,5,2,1,1,3,24,23,2
13,6,1,2,3,3,17,29,10,5,1,2,1,2,10,17,2
8,10,2,3,3,2,11,17,5,4,2,2,1,1,9,20,2
19,12,3,2,1,2,12,31,17,8,1,1,1,2,10,23,2
12,6,2,3,3,5,17,31,6,4,1,1,2,2,13,19,2
14,7,3,2,2,2,12,25,12,4,2,1,1,2,7,21,2
9,10,2,2,2,2,11,26,13,8,1,1,1,1,8,16,2
18,9,2,2,2,3,11,33,13,8,1,2,1,3,7,29,2
12,5,4,3,2,3,17,32,9,4,2,1,1,2,12,18,2
12,10,3,4,2,3,14,28,11,7,1,2,1,2,12,20,2
11,5,3,4,4,4,22,28,8,2,2,4,2,5,13,22,2
16,4,3,3,2,4,19,30,9,3,1,3,2,3,12,20,2
12,9,4,5,4,4,16,41,7,8,3,5,3,4,12,24,2
9,4,3,3,2,3,13,17,10,4,2,3,1,1,6,15,2
11,7,3,2,1,2,13,20,7,4,2,1,0,2,11,18,2
17,9,3,2,2,3,11,23,11,12,3,1,1,2,6,19,2
11,12,2,2,2,4,7,25,6,5,1,1,1,2,6,25,2
12,8,3,2,2,4,9,30,6,7,3,1,2,3,6,16,2
11,10,3,3,2,3,8,21,8,6,2,1,1,1,7,18,2
8,6,3,1,1,2,11,25,5,4,1,1,1,2,8,24,2
13,10,4,3,3,4,10,32,10,7,5,4,3,5,10,30,2
17,6,3,2,1,3,10,27,8,4,2,2,1,1,7,23,2
10,6,2,2,2,4,12,30,6,4,1,1,1,4,15,18,2
14,8,3,2,2,2,10,20,12,6,1,1,1,2,11,30,2
8,4,3,1,1,3,12,13,7,4,2,1,2,2,6,9,2
16,9,3,2,2,4,9,25,7,5,2,2,2,2,5,19,2
14,5,2,3,2,2,22,27,11,4,1,1,1,1,11,18,2
12,10,3,3,2,3,11,31,8,6,2,2,1,2,5,25,2
12,7,4,2,2,3,13,20,7,5,2,1,1,2,5,14,2
16,8,3,2,2,4,9,29,13,7,1,2,1,2,6,24,2
12,11,3,2,1,1,5,25,7,6,1,1,1,1,5,15,2
11,6,3,3,2,2,13,16,8,4,2,2,1,2,10,10,2
14,6,3,3,2,2,14,24,15,5,3,2,1,1,9,9,2
11,5,3,3,2,4,10,37,10,3,2,2,1,3,8,11,2
14,11,3,2,2,4,11,30,10,9,3,1,1,3,7,17,2
14,6,2,2,2,3,11,26,10,5,2,1,1,2,6,15,2
10,9,3,3,1,2,11,22,8,7,2,1,1,2,7,17,2
9,5,2,2,1,1,11,20,8,3,2,2,2,2,9,20,2
18,14,3,1,1,2,20,25,14,12,2,1,1,2,13,12,2
17,10,3,3,3,3,16,33,11,12,3,3,2,2,12,19,2
23,20,4,2,1,3,15,19,18,15,3,1,1,1,12,19,2
9,14,2,2,2,3,9,28,6,11,1,1,1,2,7,17,2
13,15,4,3,2,3,14,25,11,9,2,2,1,3,9,21,2
12,5,4,2,2,4,14,24,9,5,3,2,1,2,11,19,2
12,9,3,1,1,2,21,22,10,7,2,1,1,1,13,14,2
11,5,2,1,1,2,17,24,5,3,1,1,1,2,15,12,2
16,10,3,2,2,4,15,19,13,10,2,2,1,2,7,21,2
17,9,3,2,1,2,14,18,9,7,2,1,1,1,12,13,2
11,11,2,2,1,2,13,20,8,10,1,1,1,2,6,14,2
12,12,3,2,2,4,16,21,9,7,2,2,1,2,10,22,2
10,10,2,2,1,4,26,25,6,11,2,1,1,2,25,28,2
12,5,1,3,3,4,16,24,12,3,0,2,2,3,13,18,2
17,8,3,3,2,4,12,28,15,7,1,2,1,2,11,23,2
13,7,2,1,1,3,11,31,11,8,2,1,1,2,8,23,2
10,8,3,2,2,3,12,37,7,5,2,1,1,2,10,23,2
7,15,3,2,2,2,12,24,4,9,1,3,2,1,7,25,2
15,8,4,3,2,5,12,21,4,10,2,2,2,2,7,25,2
13,5,2,4,1,3,13,30,7,4,2,4,1,2,12,24,2
16,8,3,2,1,3,10,15,11,5,2,1,1,1,6,11,2
10,8,3,2,1,2,10,17,7,5,3,1,1,1,5,11,2
14,7,2,2,2,5,15,18,13,5,2,2,1,3,9,11,2
11,15,4,5,3,5,10,19,8,11,4,3,2,2,6,18,2
15,11,3,4,3,5,20,41,6,7,3,2,2,3,10,29,2
11,9,4,2,2,4,11,20,9,8,1,2,1,2,9,18,2
9,7,3,2,2,4,13,23,7,7,1,1,1,3,10,22,2
19,7,3,2,2,2,10,27,12,5,2,2,2,2,6,24,2
9,12,3,2,2,4,13,26,6,5,2,2,1,2,7,16,2
26,12,3,3,2,3,8,29,14,9,2,2,2,2,9,27,2
11,8,2,3,2,2,9,29,6,6,1,2,2,1,5,14,2
9,8,3,3,2,2,9,27,5,8,3,1,1,1,12,15,2
9,7,2,2,1,3,13,26,6,6,1,1,0,2,8,22,2
14,7,2,2,1,2,15,25,8,5,2,1,1,2,14,13,2
7,5,2,2,1,2,11,25,8,6,0,1,1,1,10,13,2
14,10,3,2,2,3,17,20,11,10,3,1,1,2,10,13,2
12,4,2,1,1,2,7,30,9,3,1,1,0,1,3,28,2
9,10,2,2,2,3,5,35,8,3,1,1,1,1,5,15,2
11,9,2,2,1,3,6,33,6,5,3,1,1,2,5,28,2
19,13,4,3,3,4,17,22,15,11,2,2,2,2,11,16,2
12,10,4,3,2,3,11,15,10,5,2,1,1,2,9,10,2
20,11,3,3,2,3,23,27,18,6,3,1,1,1,17,20,2
17,8,3,2,1,3,12,37,8,6,2,2,1,2,14,29,2
14,7,3,3,2,3,12,26,11,5,2,1,1,1,6,15,2
8,9,3,2,2,2,13,16,6,5,2,1,1,1,11,14,2
11,10,2,2,1,3,19,33,9,6,1,2,1,2,20,23,2
11,10,4,2,2,4,15,16,7,6,2,2,2,3,10,5,2
22,9,3,3,3,5,23,24,15,10,2,1,1,3,12,15,2
7,10,3,2,2,2,10,26,5,5,2,1,1,3,6,22,2
11,11,3,3,2,3,13,30,5,8,2,1,1,1,11,23,2
9,8,4,3,1,2,14,30,7,4,2,1,1,1,17,22,2
11,8,2,4,4,4,11,26,8,5,2,2,2,3,7,21,2
21,9,3,4,3,4,12,29,14,6,2,2,1,2,6,14,2
13,5,1,1,1,2,9,36,8,4,1,1,1,1,8,34,2
12,9,2,2,2,4,19,27,11,6,1,2,1,2,13,35,2
6,5,2,1,1,2,15,25,5,3,1,1,1,1,12,20,2
5,11,4,3,3,4,16,25,3,6,2,3,2,4,15,19,2
14,9,3,3,3,2,12,23,6,5,2,2,1,1,9,17,2
12,11,5,3,3,3,11,26,6,8,2,2,1,1,10,18,2
11,7,3,3,2,3,18,20,6,5,3,3,3,3,17,20,2
6,6,2,2,2,3,16,27,5,3,2,1,2,3,10,16,2
19,12,5,3,2,3,15,25,11,5,2,2,2,2,14,21,2
15,6,2,2,2,4,18,33,9,4,1,1,1,2,13,32,2
11,6,1,2,1,2,9,17,6,5,1,1,1,2,5,15,2
12,5,2,1,2,4,15,35,9,4,1,1,1,2,13,30,2
11,13,3,3,2,3,11,17,8,12,2,1,1,3,11,9,2
10,8,3,1,1,4,16,20,9,8,2,1,2,3,8,12,2
15,7,2,3,2,2,15,24,10,5,2,2,1,2,9,21,2
14,7,2,2,1,3,17,42,8,6,1,1,1,2,15,26,2
15,10,3,3,2,4,24,32,13,7,2,1,1,2,24,24,2
13,8,3,1,1,2,13,18,9,4,2,2,2,2,8,11,2
10,16,3,2,2,3,17,27,5,9,2,2,1,1,8,27,2
10,8,1,1,1,2,14,21,7,5,1,1,1,2,13,19,2
16,15,3,2,2,4,16,39,11,10,2,2,1,3,12,29,2
14,9,2,2,2,4,12,21,8,5,2,1,1,2,9,11,2
14,7,2,2,1,3,15,27,8,5,1,1,1,3,8,16,2
11,9,2,2,2,3,16,27,7,6,1,1,1,2,10,18,2
13,6,3,2,2,3,15,40,7,6,2,1,1,3,13,26,2
5,5,3,2,2,3,17,22,4,5,1,1,1,2,16,14,2
16,8,3,2,1,4,19,27,10,8,3,1,1,4,12,23,2
11,5,2,2,1,1,7,26,4,3,1,1,1,1,4,15,2
10,4,3,3,2,3,12,20,7,3,2,2,1,2,7,10,2
9,5,2,2,2,3,14,22,6,5,1,1,1,2,9,19,2
9,6,2,3,1,4,14,17,6,5,1,1,1,2,11,12,2
10,9,3,1,1,2,19,17,8,6,1,0,0,2,14,15,2
6,8,3,2,2,2,10,20,6,7,4,2,2,2,6,14,2
6,14,3,3,3,2,14,28,5,10,3,2,2,2,10,21,2
11,15,4,3,2,4,21,16,9,10,3,1,1,2,19,12,2
9,6,3,2,1,2,16,7,8,4,2,1,1,2,14,4,2
11,10,3,2,2,5,17,18,8,9,1,2,1,3,11,14,2
14,13,3,2,2,1,14,34,11,9,1,1,1,1,12,21,2
10,12,2,1,1,2,9,24,13,10,1,1,1,2,7,17,2
10,8,2,4,3,3,9,23,7,5,2,2,2,1,5,15,2
6,7,2,2,2,1,16,25,3,6,2,2,1,2,17,16,2
12,12,3,2,2,4,15,24,11,11,3,2,1,2,14,19,2
9,9,2,3,3,5,17,22,6,4,1,2,2,1,12,23,2
12,12,4,2,2,3,12,32,7,7,2,1,1,2,10,24,2
15,17,4,2,1,3,15,28,9,14,3,2,1,2,11,17,2
8,9,3,2,2,3,17,35,7,7,1,2,2,2,9,23,2
10,8,4,4,4,3,15,37,4,6,1,3,2,2,12,27,2
11,8,3,2,2,2,13,15,7,5,1,2,1,2,11,13,2
8,11,2,1,1,2,11,26,5,8,1,1,1,1,5,24,2
6,8,2,2,1,3,16,24,5,8,1,1,1,2,8,18,2
11,10,3,2,2,2,13,29,12,12,2,1,1,2,11,27,2
15,16,4,5,3,3,12,19,6,10,2,2,2,2,8,17,2
8,15,4,3,3,5,15,27,6,19,2,1,1,2,10,29,2
13,10,4,3,2,3,7,24,11,8,2,2,1,3,6,22,2
8,8,1,1,1,1,8,25,4,5,1,1,1,0,7,19,2
14,8,4,3,2,3,11,26,10,5,2,2,1,2,12,24,2
14,11,3,2,2,2,12,26,12,12,2,2,1,3,8,26,2
11,12,3,2,1,3,14,26,5,8,3,1,1,3,10,27,2
17,9,4,2,2,3,12,42,12,6,2,2,1,2,10,32,2
9,9,1,3,2,3,11,28,8,5,1,1,1,2,10,17,2
21,10,3,2,2,4,16,36,18,4,3,3,2,3,8,22,2
10,5,3,2,2,3,9,30,7,5,2,2,1,2,7,15,2
8,9,1,1,1,1,10,27,6,9,1,1,1,2,13,26,2
8,7,4,3,2,3,8,24,6,4,4,3,2,2,5,15,2
12,10,2,2,2,4,20,40,12,9,1,1,2,4,15,33,2
8,11,3,3,2,5,13,23,11,8,1,1,1,2,9,13,2
12,7,3,2,2,4,16,25,11,4,1,1,1,2,8,18,2
13,9,2,4,3,6,14,27,9,8,2,2,2,3,9,11,2
17,8,2,2,2,3,14,27,12,8,2,2,1,1,8,31,2
16,7,3,4,3,2,19,34,8,4,1,3,3,2,18,22,2
22,18,4,3,2,3,14,48,12,12,3,2,1,3,11,30,2
8,5,3,3,3,4,10,30,4,3,1,1,1,2,6,19,2
15,12,4,3,2,5,10,22,7,9,3,2,1,3,6,17,2
14,10,3,4,3,5,10,23,12,7,2,3,2,2,10,14,2
12,13,4,3,2,2,10,22,7,13,2,2,1,1,7,12,2
9,8,3,3,3,5,14,29,5,7,2,2,1,3,11,21,2
13,9,3,2,2,3,12,16,7,6,2,1,1,1,7,10,2
11,13,3,3,3,4,13,24,8,12,2,2,1,1,6,11,2
8,10,2,3,2,3,17,27,6,9,1,1,2,1,15,20,2
11,9,4,3,2,3,12,18,5,5,2,1,1,2,5,11,2
9,7,3,3,2,3,17,17,4,4,1,1,1,3,14,17,2
11,10,3,3,2,3,11,15,9,6,3,2,2,3,6,12,2
15,14,3,3,1,2,5,14,8,11,2,2,1,2,5,11,2
4,8,2,2,2,3,13,14,3,5,2,1,2,2,14,8,2
12,11,4,2,1,2,8,12,8,8,2,1,1,1,9,16,2
14,12,3,3,2,4,14,20,9,9,2,1,1,2,6,11,2
17,18,4,3,1,3,9,27,17,14,2,2,1,2,5,22,2
10,15,3,2,2,2,14,16,8,11,2,1,1,1,12,12,2
12,18,4,2,2,2,16,26,4,13,4,2,1,1,10,21,2
22,12,4,3,3,3,7,16,19,10,5,3,3,2,7,11,2
10,7,3,1,1,1,14,19,8,5,2,1,1,1,9,15,2
11,11,3,4,3,3,10,31,6,11,3,2,1,3,6,17,2
7,10,2,2,1,2,14,31,4,11,2,1,0,1,14,19,2
10,9,3,3,2,4,13,24,7,6,2,3,2,3,12,20,2
9,13,3,2,1,2,11,35,9,9,1,1,1,1,8,17,2
10,10,2,1,1,2,11,24,6,4,1,1,0,1,7,22,2
9,16,42,50,29,14,6,5,7,12,27,34,17,9,4,3,3
13,30,39,61,25,11,6,6,8,13,34,32,15,8,5,4,3
11,26,48,45,30,13,8,8,9,15,39,27,18,8,3,4,3
12,25,49,29,24,10,7,7,9,21,22,29,21,11,6,5,3
11,23,45,45,19,12,9,6,7,9,20,34,16,6,6,4,3
6,11,40,38,14,4,4,5,4,10,29,26,8,4,2,2,3
6,9,38,39,22,11,6,5,4,8,29,32,17,8,5,3,3
12,20,34,39,26,16,9,8,14,25,21,30,25,13,8,8,3
9,21,34,41,22,9,6,5,7,14,25,36,15,8,5,4,3
8,22,55,46,17,9,6,5,6,19,31,36,14,6,4,4,3
7,20,47,44,38,16,6,5,7,13,26,25,26,12,5,5,3
5,20,34,32,15,4,4,2,4,11,21,18,11,5,3,1,3
8,20,44,45,26,12,6,5,7,12,33,33,22,7,4,4,3
14,31,57,60,29,16,9,9,6,15,25,37,16,8,4,4,3
8,25,46,43,20,10,5,4,6,13,25,35,14,7,3,3,3
7,16,49,42,25,10,5,4,5,10,20,29,13,8,4,3,3
9,20,38,41,24,12,8,5,5,21,34,30,13,5,4,2,3
10,25,48,63,39,16,7,7,10,24,36,41,17,9,4,5,3
9,21,34,54,34,12,5,5,5,17,19,25,19,8,3,3,3
7,20,24,44,20,10,6,5,6,16,18,20,17,10,6,5,3
4,15,29,33,18,7,2,3,3,9,23,22,12,4,2,2,3
6,11,37,41,21,8,3,3,3,9,40,40,19,8,4,3,3
7,15,37,54,17,7,5,4,5,12,31,37,15,5,4,2,3
10,23,46,44,28,12,6,6,7,16,32,22,13,5,4,3,3
5,15,30,37,10,5,3,2,5,14,16,24,6,4,1,2,3
7,19,43,33,20,9,6,4,6,15,29,21,13,6,3,2,3
8,21,31,22,19,11,5,4,5,18,25,14,18,12,6,4,3
5,11,27,17,20,9,4,2,5,11,19,13,16,5,2,2,3
3,7,29,59,30,14,7,4,2,6,18,33,27,10,4,3,3
10,21,39,55,21,12,6,6,7,13,30,34,16,8,4,3,3
3,6,26,42,13,5,3,3,3,3,23,32,12,5,2,2,3
8,16,30,29,26,11,6,4,6,12,23,25,20,8,4,4,3
12,27,48,57,36,17,8,8,13,23,32,40,23,16,9,8,3
16,34,49,60,20,14,10,9,9,21,36,33,17,10,6,6,3
9,16,36,40,37,17,8,7,7,14,27,32,19,8,5,5,3
6,13,37,37,16,5,4,3,2,15,29,25,9,4,2,1,3
4,10,24,43,16,6,2,2,2,8,20,26,11,3,2,1,3
5,15,36,45,19,9,3,4,3,12,33,31,12,4,1,2,3
8,21,35,46,36,16,7,6,10,17,24,33,26,10,7,6,3
8,16,31,27,20,8,5,5,3,9,20,25,20,7,3,2,3
8,16,37,48,10,6,5,5,5,10,26,29,7,3,2,3,3
6,16,37,43,17,7,4,4,5,12,33,26,10,4,3,3,3
7,18,32,37,20,7,4,4,4,12,26,19,26,10,4,3,3
12,26,49,59,28,15,6,6,8,18,22,28,22,11,6,4,3
6,15,37,45,16,8,4,3,4,14,24,41,8,5,2,2,3
4,13,31,34,25,10,4,2,4,10,26,22,23,10,4,3,3
7,17,27,33,23,11,5,5,8,11,23,24,15,7,4,4,3
5,14,48,42,31,11,5,4,5,6,24,36,17,5,4,3,3
4,13,37,29,15,5,3,2,2,8,20,26,12,6,2,1,3
8,19,31,33,27,12,5,5,10,21,22,34,23,12,7,6,3
9,18,23,39,26,13,7,6,10,21,24,31,29,16,9,8,3
8,24,34,41,27,13,5,5,8,19,27,27,23,13,5,5,3
8,15,27,29,23,13,7,4,4,12,20,16,15,8,4,3,3
6,17,42,37,12,5,2,3,3,7,29,16,11,2,1,2,3
10,17,20,44,35,16,9,7,9,14,21,43,24,13,8,6,3
6,13,35,32,15,8,4,4,6,10,22,28,13,6,4,3,3
8,15,39,50,18,9,5,4,5,12,34,38,19,7,4,2,3
8,19,47,62,20,8,3,4,5,14,34,23,13,6,3,2,3
8,20,45,53,18,9,5,5,4,9,25,34,13,8,4,3,3
9,22,66,43,23,11,7,6,6,21,27,18,13,6,4,5,3
2,10,23,40,24,11,5,2,2,7,15,27,18,8,2,2,3
4,12,23,35,21,10,5,4,3,9,11,18,19,8,4,2,3
6,18,44,38,23,8,4,4,4,18,35,19,19,7,3,3,3
6,30,52,37,21,9,6,4,5,18,30,29,14,6,3,2,3
6,11,44,49,22,9,6,4,4,6,19,38,13,5,2,2,3
8,17,29,30,19,10,7,6,6,12,16,20,22,9,5,5,3
7,21,41,36,16,10,4,4,5,17,33,24,12,5,3,3,3
7,16,47,46,25,11,4,4,7,19,24,33,17,8,3,3,3
6,19,32,58,25,10,4,4,5,16,32,33,17,9,5,4,3
5,15,43,43,19,5,3,3,4,12,29,27,12,3,2,3,3
6,12,33,45,22,10,6,4,6,7,16,25,23,8,4,3,3
11,23,45,31,12,6,2,6,8,15,27,36,9,5,2,4,3
13,28,25,55,32,17,9,9,8,18,20,37,23,12,6,6,3
7,18,26,35,17,7,3,5,4,10,26,31,17,7,3,2,3
9,20,30,46,21,11,4,5,5,13,27,32,18,7,3,3,3
5,17,51,36,21,9,4,4,5,17,28,27,15,7,4,3,3
9,20,38,42,24,12,6,6,6,14,31,37,27,9,5,4,3
3,9,43,53,19,6,3,2,2,7,30,39,13,7,3,1,3
4,14,36,32,18,4,2,2,2,8,21,20,21,3,2,1,3
5,9,21,26,17,8,5,3,3,8,18,20,14,5,3,1,3
7,20,33,62,26,11,6,5,5,14,20,32,25,10,4,3,3
7,19,37,40,15,8,5,4,3,15,23,17,11,5,3,2,3
8,21,38,40,15,10,6,6,5,19,26,36,11,6,3,2,3
4,16,29,40,15,6,3,2,5,10,24,20,12,5,3,2,3
5,17,38,34,13,5,4,3,5,14,27,30,11,5,3,3,3
5,17,39,26,19,8,3,4,5,13,18,21,14,8,4,3,3
7,21,35,40,17,8,4,5,4,10,34,34,15,7,4,3,3
5,14,33,29,18,6,4,2,3,9,18,29,10,4,1,1,3
4,18,42,35,11,6,3,3,4,11,23,34,8,3,2,2,3
4,16,35,26,8,5,2,2,5,16,25,19,7,3,2,2,3
7,17,42,38,18,9,5,5,6,12,24,28,14,8,4,4,3
10,22,43,55,26,13,7,7,5,23,21,24,20,9,4,3,3
5,18,40,33,14,8,4,3,4,10,31,34,10,5,3,3,3
7,19,32,36,21,10,6,5,6,17,15,31,17,8,4,4,3
7,17,26,44,22,9,5,5,3,9,25,30,13,6,2,2,3
3,5,40,41,13,5,3,2,3,9,24,28,10,4,4,2,3
5,13,33,45,10,5,1,2,3,10,20,28,5,4,3,2,3
4,13,37,60,16,6,4,3,2,8,31,33,10,4,2,2,3
4,12,31,52,19,8,4,3,4,7,17,27,15,6,3,3,3
4,9,23,29,12,4,2,3,3,7,16,27,12,4,2,2,3
6,21,33,44,16,8,4,4,3,21,19,27,12,5,2,2,3
6,13,44,42,19,7,4,3,4,5,20,30,8,4,2,2,3
3,9,28,33,15,4,1,1,3,7,27,26,11,3,1,2,3
4,13,34,39,21,7,4,3,3,6,19,21,14,5,3,2,3
4,11,25,57,23,9,5,3,2,9,17,38,11,6,3,2,3
7,20,40,53,34,15,8,5,7,19,29,27,27,12,6,5,3
4,14,26,55,15,8,3,2,2,6,21,30,11,3,2,1,3
7,9,35,33,23,11,6,6,4,6,14,22,19,10,4,4,3
5,16,33,56,24,9,3,3,5,11,24,31,21,8,2,3,3
6,13,37,46,24,12,5,4,4,10,24,34,16,7,3,3,3
4,10,28,28,21,9,3,3,3,6,28,14,14,7,3,2,3
5,10,19,49,24,11,6,5,4,7,11,23,22,8,5,4,3
6,18,40,40,14,5,3,2,2,10,25,37,7,3,1,1,3
6,16,48,43,20,8,4,3,5,14,31,41,18,7,3,3,3
4,12,27,34,14,6,3,2,2,14,19,23,12,4,1,1,3
2,9,21,20,5,3,2,1,2,6,15,12,3,3,2,1,3
4,7,33,38,23,10,6,3,3,7,20,29,15,8,4,2,3
6,19,55,30,14,7,3,3,4,14,38,15,9,5,2,3,3
10,22,44,57,30,18,9,7,14,27,29,37,31,20,10,9,3
2,7,29,33,20,7,3,2,1,6,23,28,15,3,2,2,3
5,11,25,19,16,9,3,3,4,8,25,14,9,4,3,2,3
5,16,36,43,11,7,4,4,3,12,29,27,7,5,2,2,3
3,11,41,33,15,6,2,2,4,8,24,25,10,5,2,2,3
5,13,36,45,15,8,3,4,4,9,30,32,8,5,2,2,3
7,16,48,48,19,8,4,5,2,13,37,37,12,5,2,2,3
4,11,25,38,14,6,3,2,4,6,22,22,15,6,2,2,3
5,13,40,23,14,7,4,4,2,8,29,20,11,5,2,1,3
9,16,38,43,29,13,9,7,8,15,25,28,16,8,5,4,3
2,8,29,48,22,7,3,2,1,7,19,36,14,4,2,1,3
8,23,47,32,18,7,4,5,3,13,37,30,16,7,3,3,3
7,23,48,46,18,9,5,4,7,16,17,35,9,6,5,5,3
6,16,43,42,22,11,5,5,6,14,28,35,12,7,4,4,3
6,13,34,25,17,8,4,4,4,9,14,24,14,5,3,2,3
5,12,54,39,14,4,2,2,4,8,25,21,8,2,3,1,3
3,12,26,44,12,6,3,2,4,11,20,32,9,3,1,3,3
4,8,25,44,13,7,4,2,4,6,20,32,13,5,3,2,3
6,19,35,36,21,9,5,4,10,30,35,30,26,11,5,6,3
4,18,44,33,10,7,3,3,2,12,27,24,5,2,1,1,3
5,15,45,41,22,10,4,4,3,10,33,33,17,7,4,2,3
5,16,46,36,17,7,3,2,4,10,25,25,10,5,3,2,3
4,6,31,29,22,8,3,3,3,5,21,22,26,8,2,2,3
6,13,27,48,20,10,4,3,4,11,27,28,12,3,2,2,3
3,9,48,28,18,7,3,2,3,6,31,31,16,6,3,1,3
3,11,37,33,10,4,2,2,3,5,21,22,7,4,2,2,3
5,15,30,26,12,5,4,3,3,17,31,19,12,5,2,2,3
3,11,33,25,9,3,2,1,2,8,25,28,5,2,1,1,3
5,18,37,35,10,5,3,2,3,11,27,22,7,4,1,2,3
3,9,31,18,8,4,3,2,3,8,11,10,3,2,1,1,3
5,14,39,40,10,6,4,3,4,13,29,16,6,4,3,2,3
3,11,30,37,20,9,3,2,2,5,18,24,17,5,2,2,3
3,6,30,33,15,7,3,2,2,4,21,19,15,5,2,2,3
1,8,23,27,14,5,3,2,1,9,13,12,11,3,1,1,3
4,5,25,18,13,7,4,3,3,5,18,12,10,7,3,2,3
2,7,21,23,10,4,2,2,4,7,15,19,6,2,1,1,3
5,10,35,38,17,7,3,3,2,6,18,25,12,4,1,2,3
4,11,27,33,15,6,3,2,3,8,24,24,8,5,2,2,3
4,5,17,24,13,5,3,3,3,5,13,13,8,3,1,1,3
6,10,17,31,12,7,4,3,7,14,21,32,9,6,5,4,3
6,14,42,32,15,7,4,4,5,15,35,21,12,7,3,3,3
4,8,53,59,20,10,4,3,3,8,22,26,8,5,3,2,3
5,8,24,41,21,10,6,3,3,8,17,31,17,7,4,2,3
5,11,27,26,13,6,4,3,2,4,32,23,10,5,3,2,3
2,6,21,23,9,3,2,2,1,4,15,17,6,2,1,1,3
4,11,26,30,11,5,2,2,2,9,20,19,8,2,1,1,3
2,8,22,39,11,4,3,2,2,5,16,28,7,4,2,1,3
2,6,17,48,10,3,2,1,2,5,9,36,7,2,1,1,3
2,9,29,43,8,4,3,2,3,11,18,22,9,4,2,2,3
4,13,35,43,11,4,2,3,2,7,21,21,11,2,1,1,3
3,8,22,23,6,3,2,2,2,5,14,12,3,2,2,2,3
2,5,24,26,10,4,2,2,2,3,21,15,10,3,2,1,3
3,8,21,34,12,7,3,2,2,5,11,23,6,3,2,1,3
3,9,27,33,10,4,3,2,4,10,23,25,12,5,3,3,3
4,14,29,28,15,5,2,2,2,6,26,20,9,3,1,1,3
5,12,22,33,17,7,4,4,3,8,15,23,13,6,3,2,3
4,15,32,30,8,4,4,3,3,12,25,18,6,3,2,1,3
2,9,22,30,10,5,2,2,2,6,20,21,8,4,2,2,3
3,9,30,27,7,4,3,2,3,11,16,20,6,2,1,2,3
3,9,27,29,10,3,1,2,1,5,27,31,8,2,2,1,3
5,8,17,49,7,4,2,3,1,5,22,31,4,3,1,1,3
2,8,28,45,10,4,2,1,1,7,23,27,6,3,1,1,3
4,10,25,34,18,6,3,3,3,6,13,34,14,6,3,3,3
5,12,24,38,23,6,3,4,4,7,17,33,12,5,2,2,3
4,11,34,35,16,7,3,3,2,6,19,26,13,3,2,2,3
4,9,28,48,13,6,2,3,3,5,18,25,10,3,2,1,3
5,18,50,45,18,8,4,4,5,12,33,26,17,6,3,4,3
5,14,32,32,26,9,4,3,3,8,25,19,16,6,2,1,3
4,14,39,34,10,3,2,1,1,8,22,18,9,2,1,1,3
4,7,26,33,15,6,3,3,2,7,15,33,14,4,2,2,3
4,12,22,19,9,8,3,3,2,10,17,17,5,5,2,2,3
3,9,26,46,19,8,3,2,4,3,21,32,15,6,2,2,3
4,14,18,36,14,7,3,3,4,11,16,27,10,5,1,3,3
2,12,23,26,12,3,1,1,2,9,16,12,10,3,1,1,3
3,14,40,26,13,4,3,2,4,11,25,23,7,3,2,2,3
3,11,36,42,19,7,4,2,2,7,25,28,12,4,2,1,3
5,11,36,45,16,8,4,3,4,9,28,23,10,5,3,2,3
4,15,20,23,10,5,3,2,2,5,22,30,11,3,2,1,3
6,19,31,32,16,9,4,4,6,10,22,29,15,8,5,4,3
3,16,37,34,20,7,3,2,1,10,16,25,24,7,3,1,3
9,21,34,36,25,11,7,6,8,15,23,38,26,12,7,6,3
4,13,29,22,10,5,2,2,3,9,21,22,6,3,2,2,3
5,16,28,43,13,6,3,3,3,8,25,31,7,4,2,2,3
4,13,28,45,24,9,4,3,4,12,21,28,14,6,3,2,3
7,18,37,33,12,8,5,5,7,12,25,15,8,7,4,4,3
3,15,32,43,12,3,2,1,2,16,24,20,5,2,2,1,3
6,20,36,26,15,5,3,3,8,28,30,23,13,4,1,4,3
2,5,24,24,12,6,2,2,1,6,18,23,9,4,2,1,3
6,18,40,40,22,8,4,3,4,13,34,36,17,5,3,2,3
4,14,28,26,11,4,2,3,3,8,22,26,9,3,1,1,3
4,10,36,28,21,8,4,3,4,7,22,23,11,4,2,2,3
6,15,27,53,18,9,4,4,5,10,21,35,19,9,4,3,3
6,19,45,63,24,9,4,4,6,16,28,22,20,9,4,4,3
5,18,39,38,16,6,4,3,5,13,32,30,12,6,3,2,3
4,10,28,40,18,6,3,2,4,10,15,20,16,6,2,2,3
5,13,41,33,12,5,4,3,3,8,23,19,7,3,2,2,3
4,11,25,38,12,6,5,3,3,6,19,24,11,6,3,3,3
8,20,32,43,23,12,5,5,6,11,31,43,21,9,5,5,3
5,14,29,24,13,5,4,3,3,9,20,12,7,3,3,2,3
4,14,31,41,11,3,3,2,3,8,25,28,6,2,1,2,3
3,10,20,18,14,7,3,2,2,9,12,14,9,4,1,1,3
3,12,24,31,13,5,2,2,2,9,15,17,9,4,2,1,3
5,11,26,29,15,5,3,2,4,15,20,16,8,4,2,1,3
3,10,23,20,10,5,3,2,1,6,22,14,6,2,1,1,3
8,18,42,25,18,9,3,4,7,17,26,17,13,7,4,4,3
4,15,27,38,18,6,2,3,3,12,19,23,9,4,2,1,3
3,10,19,30,29,10,2,2,2,11,15,25,18,5,2,1,3
5,11,30,37,18,6,4,3,3,10,17,34,14,4,2,2,3
5,20,19,19,17,9,4,2,3,11,15,11,14,3,3,2,3
7,24,26,27,19,9,5,4,4,20,27,24,12,7,3,2,3
5,8,37,49,16,5,3,3,3,6,26,26,9,2,2,2,3
5,19,32,40,21,7,3,3,6,13,24,29,19,7,3,4,3
4,11,30,42,16,6,3,3,2,9,11,31,10,3,1,1,3
5,14,20,36,18,7,3,4,5,9,20,18,17,6,4,3,3
5,13,37,46,20,10,4,3,3,12,29,27,14,7,4,2,3
4,10,31,54,17,8,3,2,5,8,26,32,8,3,1,2,3
3,7,27,44,15,7,3,2,2,3,23,24,16,5,3,1,3
5,14,33,37,17,6,4,3,3,10,19,25,17,4,2,2,3
7,24,42,35,12,6,4,4,6,19,30,24,5,4,4,2,3
6,14,32,49,25,11,5,3,5,7,30,34,21,9,5,4,3
4,15,31,32,14,6,2,3,4,12,31,22,13,4,2,3,3
3,15,24,26,22,7,3,2,2,7,9,18,12,5,2,2,3
5,13,41,27,17,7,4,3,5,12,24,25,21,7,3,3,3
4,14,31,53,18,6,2,2,3,12,22,29,15,5,2,2,3
4,14,38,47,25,9,4,3,2,9,24,23,15,5,2,1,3
4,5,22,38,17,5,4,2,2,4,15,37,13,4,2,2,3
7,18,30,33,16,7,3,4,3,13,23,24,10,6,4,3,3
6,17,23,41,17,8,3,4,4,14,20,26,17,5,2,2,3
11,29,26,40,25,16,10,7,8,18,22,29,16,9,6,5,3
5,16,34,49,15,8,3,3,3,17,27,29,12,5,2,2,3
4,15,39,55,19,7,4,3,4,15,38,28,12,4,3,2,3
7,15,17,31,20,9,4,4,6,11,9,23,15,6,3,4,3
5,18,33,43,19,6,4,4,6,16,29,28,15,4,2,3,3
5,18,28,41,10,3,3,3,4,17,23,32,7,2,2,2,3
5,19,29,37,15,5,2,2,5,15,29,27,11,5,2,2,3
5,12,41,43,17,8,3,3,5,12,29,40,9,4,3,3,3
5,10,28,39,15,6,4,3,3,10,21,28,12,5,2,2,3
3,9,38,37,21,6,2,1,1,5,24,30,19,6,2,2,3
3,8,20,36,9,7,4,2,3,9,19,28,4,3,2,2,3
6,11,36,42,20,7,4,4,2,6,22,29,10,3,2,1,3
3,8,32,23,14,7,4,2,3,5,22,22,13,6,3,2,3
5,20,21,28,21,7,2,2,3,16,14,22,19,5,1,2,3
5,18,31,29,14,6,4,3,4,8,29,24,14,7,4,3,3
5,17,58,34,10,4,4,2,4,10,30,29,6,3,2,2,3
6,15,44,37,22,10,4,4,6,12,35,26,24,11,5,4,3
10,20,22,43,21,9,5,6,14,21,18,39,25,13,8,8,3
6,16,37,34,14,5,2,3,3,13,36,18,14,5,3,2,3
4,18,38,42,16,5,2,2,3,9,30,28,8,3,1,1,3
7,19,45,39,13,5,4,3,5,11,33,35,9,2,2,2,3
7,22,40,38,16,5,3,4,7,20,23,28,14,7,2,3,3
7,16,26,30,26,11,4,4,5,10,22,23,26,11,3,2,3
7,15,33,49,21,9,4,4,3,10,29,20,16,8,3,3,3
7,14,45,38,27,11,6,4,5,13,18,27,15,6,4,3,3
5,17,39,27,29,8,3,3,5,17,36,15,20,6,2,2,3
7,22,48,32,23,12,5,6,5,14,20,25,9,5,4,4,3
4,10,32,36,15,5,4,2,3,6,10,26,11,4,2,2,3
7,16,50,20,19,7,4,3,4,8,26,13,16,7,3,2,3
4,10,23,25,10,6,4,2,3,8,21,27,9,4,2,2,3
3,9,39,39,21,9,2,2,1,4,34,30,17,5,2,1,3
5,15,38,54,30,12,5,3,3,8,23,22,17,4,2,1,3
3,9,34,36,14,7,4,2,2,7,30,20,11,4,3,1,3
6,16,31,32,13,5,5,4,8,15,16,15,7,4,4,5,3
4,10,41,32,21,8,3,2,2,9,33,29,14,5,2,1,3
4,13,49,33,17,7,3,2,3,10,26,27,10,3,1,2,3
3,9,37,24,11,6,2,2,4,11,26,21,11,4,1,2,3
5,14,39,49,9,5,4,4,5,10,22,35,8,5,4,3,3
4,11,23,29,18,9,3,3,2,5,17,21,16,4,2,2,3
8,20,25,42,28,10,6,4,5,15,27,15,26,11,4,3,3
4,13,31,27,11,6,2,3,2,12,20,19,9,5,2,2,3
5,17,39,28,13,5,3,2,4,14,16,28,10,3,2,2,3
5,9,42,30,8,4,2,2,2,6,23,25,5,4,2,2,3
7,22,41,49,15,7,4,3,7,18,28,25,7,2,2,2,3
4,10,25,46,18,7,3,2,4,7,29,37,14,5,2,1,3
4,9,19,35,13,6,2,2,1,3,16,23,8,5,2,1,3
7,20,43,37,21,10,6,5,5,14,42,32,10,6,4,4,3
4,10,40,31,17,5,3,3,3,10,30,29,14,3,2,2,3
5,7,28,51,20,9,4,3,4,4,26,30,20,8,4,4,3
3,15,33,25,12,5,1,3,3,7,32,15,8,3,1,2,3
4,10,27,35,14,6,2,3,2,9,21,18,7,3,1,1,3
4,13,28,42,14,7,3,3,3,8,28,36,14,6,2,2,3
4,10,34,34,12,4,2,2,3,10,24,23,9,4,1,2,3
6,13,19,51,20,7,4,4,5,11,16,31,15,9,4,3,3
1,2,6,7,4,2,1,0,0,1,5,5,3,1,0,0,0
0,2,4,9,4,3,1,0,1,1,5,7,3,2,0,0,0
1,2,3,9,4,3,1,1,1,1,2,8,3,1,1,1,0
1,1,5,9,4,3,1,1,0,1,3,8,3,1,1,0,0
1,2,8,10,3,2,1,1,0,1,6,10,2,0,1,1,0
1,2,7,11,4,3,1,1,0,2,6,8,1,2,0,0,0
0,1,6,9,3,2,1,0,0,1,3,6,3,2,1,0,0
0,2,8,9,2,2,0,0,1,2,4,9,2,1,0,0,0
1,2,7,12,3,3,2,1,1,2,4,6,4,1,1,0,0
1,2,11,9,3,2,1,1,0,1,8,5,2,2,1,0,0
0,1,4,6,4,3,2,1,0,1,2,4,2,2,1,1,0
0,1,13,13,5,3,2,1,0,1,8,10,2,2,1,0,0
1,3,10,7,3,2,1,1,0,1,7,6,1,2,1,1,0
0,1,6,7,2,2,0,1,0,1,4,4,2,1,0,0,0
0,1,4,7,2,2,1,0,0,1,3,5,2,1,0,0,0
0,1,6,8,3,3,1,0,0,1,5,3,2,2,0,0,0
1,2,12,10,4,2,1,1,0,2,9,8,1,1,1,0,0
1,1,6,9,2,2,1,0,0,1,2,7,1,1,1,0,0
1,3,6,4,3,2,1,0,1,3,4,3,2,1,0,0,0
1,3,10,10,3,1,1,1,1,2,7,3,1,1,0,1,0
1,2,8,13,3,2,1,1,1,2,5,9,3,1,1,1,0
1,1,7,12,2,2,0,0,0,1,5,8,1,1,0,0,0
1,2,11,8,2,2,1,0,0,1,9,7,2,1,0,1,0
1,2,6,11,4,1,1,1,1,1,2,10,2,1,0,1,0
1,2,7,9,3,2,1,1,1,2,6,4,3,1,1,0,0
0,2,7,8,3,2,0,1,0,1,5,5,1,1,1,0,0
1,1,6,8,1,2,1,0,0,1,6,7,1,1,0,0,0
1,2,9,8,5,2,1,1,0,1,6,6,2,2,1,0,0
1,3,13,9,4,2,1,1,1,4,17,7,4,1,1,1,0
1,2,6,7,3,2,1,1,1,2,4,4,2,2,1,1,0
2,3,9,11,3,2,1,1,1,2,6,11,3,2,0,1,0
1,1,3,7,2,1,0,1,0,1,2,6,1,1,0,0,0
2,3,12,8,5,2,2,1,1,3,7,6,3,2,0,1,0
1,2,11,11,5,3,2,1,2,4,13,13,6,3,1,1,0
0,1,7,11,2,1,0,1,0,1,4,10,1,0,0,0,0
0,2,9,11,2,2,1,1,0,2,9,9,3,1,0,0,0
1,5,16,14,4,3,1,1,1,3,16,8,3,2,1,1,0
1,3,10,11,2,1,0,1,1,2,8,5,1,1,1,0,0
0,0,5,5,2,2,0,1,0,0,3,5,1,1,0,0,0
1,2,8,7,5,2,1,0,0,1,5,6,2,1,0,0,0
2,4,19,15,6,3,1,2,2,6,20,19,7,3,1,1,0
1,2,10,15,4,4,2,1,0,1,7,8,3,2,0,1,0
1,2,10,10,2,1,1,0,1,2,12,8,1,1,0,1,0
1,3,11,14,4,2,1,1,1,2,7,9,3,2,0,1,0
2,3,12,13,4,2,1,1,1,2,9,10,2,1,0,1,0
1,1,7,6,3,2,1,1,0,0,5,5,1,1,1,1,0
0,2,7,15,5,2,1,1,0,1,6,14,6,2,0,0,0
1,3,10,12,3,2,1,1,1,1,8,6,3,2,0,1,0
1,3,12,13,6,3,1,1,2,2,9,12,5,3,1,1,0
1,4,12,12,3,1,1,1,1,1,8,8,2,1,1,0,0
1,1,5,5,5,2,1,1,0,1,4,4,4,2,1,0,0
1,2,6,11,3,2,1,1,1,1,5,6,2,1,1,0,0
0,2,6,10,6,4,2,1,0,2,5,5,5,3,0,0,0
0,2,4,13,5,3,1,1,1,1,3,8,4,2,1,0,0
2,3,12,9,6,4,1,1,1,3,11,6,3,3,2,2,0
1,2,10,12,3,1,1,1,1,2,8,12,2,1,1,0,0
1,3,8,9,4,2,1,1,2,4,12,8,5,2,1,1,0
0,2,14,11,3,2,1,1,0,2,11,10,1,1,0,0,0
1,2,15,13,4,2,1,2,1,1,11,11,3,2,1,1,0
1,3,10,16,4,3,1,1,1,2,10,17,3,2,1,1,0
1,2,7,9,4,2,1,0,1,2,6,4,3,1,0,0,0
1,4,9,6,4,2,1,1,1,3,5,7,3,2,1,0,0
1,3,14,14,6,4,1,1,1,3,13,9,3,2,0,1,0
1,2,5,7,4,1,0,1,0,2,2,5,3,1,0,1,0
1,1,13,12,4,2,1,0,0,1,13,10,3,1,1,0,0
1,3,14,15,4,2,1,1,1,3,14,10,4,2,1,1,0
2,4,14,22,6,2,1,1,1,2,12,17,3,1,0,0,0
1,1,13,12,3,2,1,1,0,1,10,11,3,1,1,0,0
1,2,10,9,3,3,1,1,1,2,11,8,2,2,1,0,0
2,5,20,21,6,3,1,1,2,5,22,15,6,2,1,1,0
1,3,10,15,5,3,1,0,1,2,8,14,2,2,1,0,0
0,2,13,18,4,2,0,0,0,1,11,13,3,1,0,0,0
1,1,9,10,5,2,1,1,1,1,6,8,3,2,1,1,0
1,2,11,15,4,3,1,1,1,3,6,19,4,2,1,1,0
1,1,8,8,5,3,2,1,0,1,6,5,2,2,0,1,0
2,2,12,9,6,3,2,1,1,3,12,14,5,2,1,1,0
0,1,4,8,3,3,0,0,0,1,4,6,3,2,0,0,0
1,1,10,11,3,3,1,0,0,0,9,6,3,2,1,0,0
1,2,8,9,1,2,0,1,1,2,6,8,2,1,1,0,0
1,3,13,11,2,2,1,1,0,2,9,6,2,1,0,0,0
1,2,8,10,3,1,1,0,0,1,6,6,2,1,0,0,0
1,1,10,8,3,3,1,0,0,1,11,7,3,1,0,0,0
1,1,10,6,3,2,0,1,1,1,5,5,1,1,1,1,0
1,3,6,13,6,5,1,1,1,2,4,7,5,3,1,1,0
1,2,12,9,3,2,2,1,1,2,9,6,1,2,0,0,0
1,3,11,9,2,3,1,0,1,2,8,10,2,2,1,0,0
1,3,15,11,5,4,1,0,1,2,8,6,3,1,1,1,0
1,1,7,11,2,2,1,1,0,1,7,9,2,1,0,0,0
1,3,11,9,5,3,2,2,1,2,6,8,2,2,1,1,0
1,2,9,14,4,3,1,1,1,2,7,9,4,2,0,1,0
1,3,14,11,5,2,1,1,1,2,6,7,5,2,1,1,0
1,3,12,9,4,1,0,0,0,1,8,9,2,1,0,0,0
2,4,11,13,5,2,1,2,1,2,7,10,3,1,1,1,0
1,3,11,11,4,2,1,1,1,2,12,8,2,1,0,1,0
0,1,9,7,5,3,1,0,0,0,8,6,3,3,1,0,0
0,1,7,10,3,2,1,1,0,1,5,8,2,1,0,0,0
1,2,12,13,4,1,1,1,0,1,8,10,6,2,0,1,0
1,2,7,10,4,3,1,0,0,1,7,8,3,2,1,0,0
1,2,11,11,4,2,1,1,0,2,8,9,2,1,1,1,0
1,3,8,12,4,2,1,1,1,2,8,8,3,1,1,0,0
1,3,13,17,3,2,1,0,0,2,7,9,2,2,1,0,0
0,3,4,6,4,2,1,0,0,1,2,3,2,1,1,0,0
1,2,5,10,4,3,1,1,0,1,5,5,4,1,0,1,0
1,3,11,9,5,3,1,1,1,2,7,6,3,2,1,0,0
1,3,11,8,3,2,1,0,1,2,11,7,3,1,0,1,0
1,2,8,12,3,2,1,1,1,2,6,7,3,1,1,0,0
1,1,7,10,2,2,1,0,0,1,7,6,1,1,1,0,0
1,3,9,7,6,2,1,1,1,3,6,5,5,1,1,1,0
1,2,7,7,3,2,1,0,1,1,5,6,2,1,0,0,0
1,2,11,13,9,3,1,1,1,3,10,11,5,2,1,1,0
1,3,11,11,4,2,1,0,1,2,8,13,2,2,0,0,0
0,2,12,11,4,2,1,1,0,1,11,9,2,1,0,0,0
0,1,5,11,2,2,1,0,0,1,3,8,2,1,0,0,0
1,2,5,9,4,3,1,0,0,0,3,5,2,1,1,0,0
1,2,8,7,4,2,1,0,1,2,4,3,4,1,0,0,0
1,3,9,10,4,3,2,1,0,3,9,7,2,2,1,1,0
0,2,6,10,4,3,1,1,1,1,3,8,3,3,1,0,0
1,2,5,14,5,3,1,1,1,1,7,12,2,2,0,0,0
1,2,8,17,5,1,1,1,1,1,6,14,4,1,0,1,0
1,2,6,9,4,2,1,1,0,2,6,8,3,1,0,1,0
1,1,8,9,2,1,1,1,1,1,6,9,2,0,0,0,0
0,2,8,9,5,1,1,1,0,2,6,7,3,1,0,0,0
0,1,2,7,4,2,1,0,0,1,2,7,3,1,1,0,0
1,1,7,10,3,2,0,1,0,1,6,8,3,2,0,0,0
1,2,10,11,4,2,1,1,0,1,7,8,3,1,0,0,0
1,1,10,9,5,2,1,0,0,1,5,7,1,1,1,0,0
1,2,6,13,4,3,2,1,0,1,4,8,3,2,1,0,0
1,3,7,12,5,2,1,1,1,2,4,13,6,2,1,0,0
1,2,7,9,3,2,1,0,0,1,5,7,3,2,0,1,0
1,2,9,12,2,1,1,1,0,2,5,11,2,1,0,0,0
0,2,6,7,4,2,1,1,0,1,3,5,2,2,1,0,0
1,3,10,13,4,2,1,1,1,2,10,10,3,1,1,0,0
1,4,8,11,2,2,1,1,1,2,6,6,1,1,1,0,0
1,3,11,12,2,2,1,1,1,2,11,10,2,2,1,1,0
1,2,10,12,5,4,1,1,0,2,6,9,5,3,1,1,0
1,3,12,11,7,3,1,1,1,3,14,14,5,2,1,0,0
0,2,6,6,2,3,1,1,0,1,5,5,1,1,1,1,0
1,1,6,9,4,2,0,1,0,1,3,6,2,1,0,0,0
1,2,5,7,2,2,1,1,1,1,3,6,2,2,1,0,0
1,2,10,9,3,2,1,1,0,1,10,8,3,1,1,1,0
1,3,11,9,3,2,1,1,1,2,10,7,5,2,1,1,0
0,1,8,7,5,3,1,1,0,1,6,3,5,2,0,0,0
1,1,5,11,4,2,1,0,0,1,3,8,2,2,0,0,0
1,2,7,6,2,1,1,1,0,2,8,5,1,1,0,0,0
0,2,10,8,2,1,1,0,0,2,11,4,1,0,0,0,0
1,4,9,10,5,2,1,0,2,4,12,12,4,1,1,1,0
1,3,12,13,5,3,1,1,1,1,7,10,2,1,1,1,0
0,2,13,7,3,2,1,0,0,1,6,7,2,1,0,0,0
1,3,12,12,3,2,1,1,1,2,11,9,2,1,0,0,0
1,2,11,11,3,2,1,0,0,2,11,7,3,1,1,0,0
1,4,16,10,4,2,1,1,1,4,16,8,3,2,1,1,0
1,2,9,11,3,2,1,1,0,1,6,6,2,1,0,0,0
1,2,6,10,4,3,1,0,0,1,4,6,3,2,0,0,0
0,0,7,9,3,1,1,0,0,0,4,10,2,1,1,0,0
1,2,6,17,4,2,1,1,0,1,3,13,2,1,1,0,0
1,2,7,4,2,1,0,0,1,2,3,3,1,0,0,0,0
0,2,8,8,4,2,1,1,0,1,6,8,2,1,0,0,0
1,2,4,6,1,1,1,1,0,1,3,4,1,1,1,1,0
1,1,11,8,3,2,0,0,1,1,6,3,2,1,0,0,0
1,2,12,9,4,2,1,1,1,2,5,8,2,1,0,0,0
1,2,13,13,4,2,2,0,1,1,12,6,4,2,1,1,0
1,2,8,9,4,2,1,0,1,1,5,12,2,1,0,0,0
0,1,6,12,3,3,1,1,0,1,6,11,2,1,1,0,0
1,2,9,11,3,1,1,0,0,3,7,7,2,1,1,1,0
1,1,6,14,5,3,1,1,1,2,5,18,4,2,1,1,0
1,3,11,9,3,2,1,1,1,3,9,8,1,1,1,1,0
0,2,6,9,3,2,1,1,0,1,4,5,2,1,1,1,0
1,2,7,12,2,2,1,0,0,2,6,8,2,1,0,0,0
1,1,7,15,2,2,0,1,1,1,4,11,2,1,0,0,0
1,2,7,8,5,3,1,1,1,1,4,6,3,3,1,0,0
1,3,12,20,4,2,1,2,2,3,9,14,4,2,0,1,0
0,2,10,10,4,2,0,0,0,2,7,7,4,2,0,0,0
1,4,11,7,4,2,1,1,1,3,12,6,2,1,1,1,0
1,2,13,13,2,2,1,1,1,2,9,10,2,2,1,0,0
2,3,9,12,4,3,1,1,1,1,5,9,3,2,1,1,0
1,3,8,6,3,1,1,0,1,2,5,3,2,0,0,0,0
1,2,7,13,3,2,1,1,1,2,6,9,2,1,0,0,0
0,2,9,15,4,2,1,1,0,2,8,11,3,2,0,0,0
0,2,7,12,3,2,1,1,0,1,5,8,2,1,0,0,0
1,1,9,10,4,2,1,0,0,2,5,6,2,1,0,0,0
1,1,7,9,3,3,2,1,0,0,6,8,1,1,1,1,0
0,1,8,10,4,2,1,1,0,0,5,12,2,1,0,1,0
1,2,10,8,4,1,1,1,0,1,5,5,3,1,0,0,0
1,3,10,11,4,2,1,0,1,1,6,10,4,2,0,1,0
1,3,10,9,4,2,1,1,1,3,8,5,3,1,1,1,0
1,2,10,9,2,1,1,1,1,2,8,8,1,1,1,0,0
0,1,7,5,3,2,1,1,0,1,5,4,2,1,1,1,0
1,1,6,10,4,2,1,1,0,1,3,6,2,1,1,0,0
0,1,6,5,2,1,1,0,0,0,4,4,1,1,0,0,0
1,2,7,12,6,2,2,1,0,3,4,9,3,2,1,0,0
1,2,10,10,4,2,1,1,0,2,10,9,3,1,1,1,0
0,2,13,12,3,2,1,0,1,1,5,6,3,1,1,0,0
1,1,5,9,3,2,1,0,0,1,4,6,2,1,1,0,0
1,3,14,12,4,3,1,0,1,2,9,4,1,1,0,0,0
1,1,3,7,2,1,1,1,0,0,2,6,2,1,0,1,0
1,2,9,7,4,1,1,1,0,1,8,7,2,1,0,0,0
1,2,8,7,2,2,0,1,0,1,4,5,2,2,0,1,0
1,2,8,10,3,2,1,0,1,2,7,7,3,1,1,0,0
1,2,8,8,2,2,1,1,1,2,6,8,1,1,0,0,0
1,1,6,8,5,2,1,0,0,0,5,4,2,1,1,0,0
1,2,9,9,5,2,1,1,0,1,6,6,3,1,1,0,0
1,1,8,6,5,3,1,2,0,1,6,3,3,2,0,0,0
1,3,7,10,3,2,1,0,1,2,4,10,3,1,1,1,0
0,1,11,8,3,1,0,0,0,1,8,6,2,1,0,0,0
0,1,4,6,2,1,1,0,0,0,3,4,2,1,1,0,0
1,2,4,13,3,2,1,1,0,1,2,9,2,1,1,0,0
0,0,4,7,2,1,0,0,0,1,3,4,1,1,0,0,0
1,1,7,7,2,3,1,1,0,0,3,3,2,1,1,0,0
1,2,10,8,4,2,1,1,0,1,8,2,3,1,0,1,0
0,1,5,9,4,1,1,1,0,1,2,5,2,1,1,0,0
1,1,5,7,3,2,1,1,0,1,5,4,3,1,0,0,0
1,3,4,7,2,2,0,0,0,4,3,5,2,2,0,0,0
1,2,7,10,3,2,1,0,0,1,4,6,4,2,1,0,0
0,1,7,10,3,2,1,1,0,1,5,6,2,1,0,0,0
1,1,10,7,3,2,1,1,0,1,6,5,1,1,0,0,0
1,1,3,3,2,1,1,0,0,1,1,2,2,0,0,0,0
1,2,5,7,4,2,1,1,0,1,5,3,2,1,0,0,0
1,2,7,6,3,2,1,1,1,1,4,6,2,1,1,0,0
1,1,11,10,3,2,1,0,1,1,9,11,2,1,0,0,0
1,1,9,10,2,1,0,0,0,1,4,7,2,1,0,0,0
1,1,8,6,2,2,1,1,1,1,5,4,1,1,1,0,0
0,2,7,6,3,1,0,0,0,0,4,4,2,1,0,0,0
1,2,3,7,6,2,1,1,1,1,2,5,5,1,1,1,0
1,1,7,7,4,2,1,0,0,0,4,3,3,1,0,1,0
0,1,5,10,4,1,1,1,1,1,4,9,2,1,1,1,0
0,1,9,11,4,3,1,0,1,0,8,8,3,2,1,0,0
1,1,8,11,4,1,1,1,1,2,8,10,3,0,1,0,0
1,1,3,8,3,1,1,1,0,1,1,8,2,1,0,0,0
1,2,7,9,4,1,1,0,1,1,5,5,4,1,1,0,0
1,2,5,5,2,1,1,1,0,1,3,5,2,1,1,0,0
0,2,8,10,3,2,0,0,0,1,8,8,3,1,0,1,0
1,0,8,8,3,2,1,1,0,0,5,7,2,1,1,1,0
0,1,6,14,2,3,1,0,0,1,4,7,1,1,0,0,0
0,1,8,7,2,2,1,1,0,1,5,6,1,1,0,0,0
0,1,5,5,4,2,0,1,0,0,3,4,2,1,0,0,0
1,1,5,6,3,2,0,0,0,1,3,5,2,1,0,1,0
1,2,6,8,2,2,1,0,0,1,4,6,2,1,0,1,0
1,0,5,7,4,2,1,1,0,1,3,5,2,1,0,0,0
0,1,7,11,4,3,1,1,1,0,5,9,4,2,1,0,0
1,1,5,7,4,2,1,0,0,0,6,3,4,1,0,0,0
0,1,4,5,4,2,0,1,0,0,3,3,1,1,0,0,0
1,1,6,7,4,2,1,0,1,1,4,6,4,1,1,0,0
1,2,10,8,3,2,1,0,0,2,7,4,3,1,1,0,0
1,1,9,8,3,2,1,1,1,2,8,7,3,1,1,1,0
1,1,8,6,3,2,1,0,0,0,8,4,3,1,0,0,0
1,2,10,9,3,2,1,1,1,2,6,6,3,1,0,1,0
1,2,8,9,4,2,1,1,1,3,10,9,4,2,0,1,0
1,1,6,7,4,2,0,0,0,1,6,6,2,1,0,0,0
1,2,7,9,5,3,1,0,1,1,5,6,5,2,1,0,0
1,1,3,8,4,3,1,1,1,1,4,4,3,3,1,0,0
1,2,5,8,6,5,1,1,1,1,4,7,5,3,0,0,0
1,2,9,9,2,2,0,0,0,1,6,5,1,1,0,0,0
1,3,11,14,5,2,1,1,1,3,10,12,4,2,1,1,0
1,1,5,11,4,3,1,0,0,1,3,7,2,2,1,0,0
1,1,3,6,5,3,2,1,1,1,2,5,2,2,1,1,0
0,1,10,5,4,2,1,1,0,1,6,5,2,2,1,0,0
1,2,8,7,4,2,1,1,1,1,5,5,3,2,1,1,0
1,1,4,5,3,3,1,1,0,0,5,3,2,1,0,0,0
1,2,11,12,5,2,0,0,0,1,13,14,4,1,0,0,0
1,3,12,12,6,3,1,1,1,2,11,10,2,1,1,0,0
1,0,12,12,3,2,2,1,0,0,8,10,3,1,1,0,0
1,1,5,8,4,3,1,1,0,1,3,5,2,1,1,0,0
1,2,4,8,3,2,1,1,1,1,3,8,2,1,0,1,0
1,2,6,11,4,3,2,1,0,2,9,13,3,2,1,1,0
0,1,4,9,5,2,1,1,0,0,3,7,4,1,0,0,0
1,1,2,10,2,1,0,0,0,0,2,8,1,1,0,0,0
1,1,9,7,3,2,1,1,0,1,6,7,4,2,1,1,0
0,2,9,8,3,2,1,1,1,1,6,7,2,1,1,0,0
1,1,7,17,5,4,1,0,1,2,5,21,4,3,1,1,0
1,2,10,15,4,2,1,1,1,2,14,18,3,2,1,1,0
0,1,11,9,2,1,1,0,0,1,3,4,1,1,0,0,0
1,2,6,12,6,2,1,1,1,2,4,7,3,1,1,0,0
1,2,6,9,3,2,2,1,0,1,3,7,2,1,1,0,0
1,2,4,10,6,2,1,1,1,2,4,8,5,2,1,0,0
0,1,10,10,5,3,0,1,0,1,4,8,3,2,0,0,0
1,1,5,8,3,2,1,1,1,1,3,6,2,2,1,0,0
1,1,4,7,2,1,1,1,0,1,2,7,2,1,0,0,0
0,1,9,9,4,2,1,1,0,1,8,7,2,1,1,0,0
1,3,8,5,2,2,1,1,1,1,5,6,2,2,1,0,0
1,1,4,7,2,2,1,0,1,0,2,4,1,1,0,0,0
1,1,6,7,1,1,0,0,0,1,5,6,1,0,0,0,0
1,1,9,8,1,0,0,1,0,0,6,7,1,0,0,0,0
0,1,6,13,2,1,0,1,0,2,5,15,2,1,0,0,0
0,1,2,5,1,1,0,0,0,0,1,3,0,1,0,0,0
1,1,4,4,1,1,0,0,0,1,2,3,0,0,0,0,0
1,0,3,2,1,1,0,0,0,0,2,1,0,0,0,0,0
0,1,2,4,1,1,1,0,0,0,2,3,1,0,0,0,0
1,3,13,15,4,3,2,1,1,2,12,12,4,3,1,1,0
1,1,5,4,3,1,1,0,1,1,5,2,2,2,1,1,0
1,1,5,12,3,2,1,1,1,1,3,9,2,1,0,1,0
0,1,8,8,8,4,1,1,0,2,7,8,10,4,1,0,0
1,0,7,5,4,3,0,1,0,1,4,5,2,2,0,0,0
0,1,5,6,2,2,1,1,0,0,2,4,2,1,1,0,0
0,1,3,8,4,4,0,0,0,0,1,4,5,3,0,0,0
1,3,6,13,5,3,1,1,0,2,5,8,5,2,1,1,0
0,2,8,15,5,1,1,1,1,3,5,20,5,1,1,1,0
1,2,7,9,5,2,1,1,1,1,7,8,3,1,1,1,0
1,1,6,9,4,2,1,0,0,1,10,9,2,1,0,0,0
0,1,7,9,2,1,1,1,0,0,4,8,1,1,0,0,0
1,1,4,8,3,4,1,1,0,1,3,6,3,2,0,0,0
15,16,9,13,8,6,12,22,13,12,6,11,4,4,9,13,1
14,14,15,14,10,3,9,22,11,9,7,7,8,2,6,16,1
16,27,12,12,6,3,8,17,16,19,8,8,6,1,6,12,1
25,22,18,21,11,7,7,16,25,15,11,22,6,5,6,10,1
18,25,25,12,11,7,9,18,14,15,17,7,7,4,6,13,1
24,11,18,6,5,4,4,12,10,10,4,6,4,3,3,11,1
20,20,11,13,5,6,10,21,15,14,7,10,3,4,7,15,1
25,25,17,9,10,7,13,25,15,17,9,3,11,9,8,22,1
29,20,11,8,12,9,17,41,18,15,14,6,8,7,14,29,1
35,22,19,11,8,8,13,27,30,19,24,12,6,6,11,24,1
19,32,20,9,11,6,7,14,16,29,8,8,8,2,4,9,1
14,23,19,13,8,6,7,19,11,20,13,11,5,3,6,20,1
34,34,18,11,6,5,11,28,30,28,15,9,3,3,10,25,1
32,35,24,16,11,12,23,40,31,36,25,12,7,12,20,25,1
33,26,11,8,7,7,17,35,35,22,10,5,5,6,12,31,1
29,34,8,8,7,6,12,27,25,22,6,5,4,4,8,24,1
16,13,11,8,4,3,8,13,16,6,4,8,3,3,6,12,1
20,15,19,7,4,5,10,15,23,11,15,6,3,5,10,18,1
23,17,11,8,4,4,9,19,25,11,8,5,4,4,9,20,1
16,16,10,12,11,8,10,24,9,12,10,7,10,7,8,19,1
18,12,10,5,7,2,6,10,12,10,7,3,6,1,4,4,1
21,15,12,6,4,3,8,19,14,11,9,4,3,4,8,14,1
16,19,11,15,8,5,9,15,15,9,10,12,8,3,7,14,1
23,17,12,10,9,6,11,29,16,11,6,11,6,4,6,13,1
11,10,12,13,8,6,9,14,8,9,13,14,6,4,6,13,1
21,21,9,7,5,4,7,14,12,11,4,4,3,2,5,10,1
10,15,7,9,8,3,5,13,8,10,5,9,6,2,3,6,1
10,19,5,13,7,2,3,7,7,12,5,16,5,2,2,6,1
11,13,11,19,5,4,5,10,10,7,5,10,5,2,2,7,1
12,15,8,12,7,4,6,13,6,10,8,8,5,3,5,8,1
8,11,10,11,5,3,4,7,5,10,9,6,4,3,2,7,1
17,12,5,8,5,3,7,15,11,11,4,3,4,3,5,12,1
11,21,7,8,5,3,6,18,10,9,5,7,5,2,4,14,1
9,7,7,12,7,4,5,12,5,3,4,8,3,1,5,8,1
12,11,7,9,6,4,5,15,10,7,5,8,3,2,3,7,1
11,9,4,9,7,3,4,13,8,7,3,4,4,2,5,10,1
10,14,9,7,3,3,4,5,9,9,6,3,2,2,3,3,1
7,13,7,6,3,2,5,12,6,13,5,5,2,1,4,12,1
21,13,7,15,8,3,5,10,14,10,5,6,11,2,4,7,1
18,18,9,9,4,4,8,11,10,12,5,6,3,2,4,5,1
7,12,10,12,5,3,3,8,4,10,7,8,4,1,2,6,1
9,18,6,8,5,3,5,8,8,11,5,5,3,1,3,4,1
8,10,8,8,5,2,4,12,4,8,5,9,3,1,2,9,1
14,11,5,10,5,3,4,9,8,12,3,9,5,2,4,8,1
13,10,13,7,1,3,7,10,8,7,11,5,1,2,4,5,1
16,14,8,6,9,3,4,10,21,10,3,4,8,2,3,10,1
11,13,6,7,3,3,6,13,5,9,6,7,3,3,5,9,1
18,10,9,17,12,4,4,9,11,9,7,15,11,3,4,8,1
30,20,13,11,8,4,7,23,27,16,13,6,4,1,7,21,1
18,20,11,13,8,5,9,18,17,18,6,12,4,3,5,15,1
22,28,17,6,8,6,8,27,10,15,20,9,5,4,6,8,1
39,29,22,4,6,9,19,45,19,30,17,4,3,4,7,30,1
31,29,17,7,7,6,9,21,15,28,11,5,7,4,10,21,1
56,38,18,8,8,11,26,49,37,39,11,7,4,9,28,40,1
32,23,16,7,4,6,17,35,20,25,9,6,3,6,14,24,1
25,42,28,14,8,14,25,37,23,28,20,12,8,10,17,28,1
47,54,54,20,14,22,39,58,38,33,34,17,13,25,33,34,1
36,25,22,15,11,13,20,31,30,35,21,12,10,14,20,27,1
37,33,15,12,11,15,35,53,23,18,16,6,9,11,24,23,1
28,23,8,11,5,6,15,25,18,15,7,9,5,3,7,34,1
24,19,19,8,5,6,12,20,17,8,22,8,4,4,9,16,1
13,14,8,9,7,5,9,19,7,9,5,9,6,4,4,12,1
39,50,22,7,6,8,13,34,35,28,17,6,3,5,10,33,1
28,34,17,7,5,6,13,29,21,22,11,8,5,3,11,28,1
26,18,19,3,3,3,9,17,25,13,17,2,2,2,5,14,1
25,15,13,6,6,6,11,37,18,7,7,4,4,3,7,26,1
35,33,32,18,14,8,12,35,30,24,25,21,16,5,8,22,1
35,36,24,11,10,7,12,28,24,22,32,8,6,4,8,21,1
31,40,23,16,10,5,7,24,22,29,16,9,5,3,5,16,1
32,51,22,23,12,9,11,24,19,21,13,20,13,4,6,17,1
41,34,17,17,10,8,14,39,28,18,15,13,7,7,8,16,1
39,46,24,9,12,14,22,24,35,29,12,11,9,7,9,15,1
44,41,17,12,4,9,20,46,36,35,16,10,2,5,12,37,1
33,30,14,6,5,6,11,43,27,31,16,4,2,4,5,28,1
29,33,27,15,5,8,16,35,22,36,16,9,4,6,15,26,1
43,23,8,12,7,8,13,35,33,23,6,11,5,7,10,30,1
22,33,11,18,10,7,13,34,25,22,9,12,7,4,12,24,1
22,35,7,10,8,8,13,30,14,27,5,6,8,7,10,22,1
42,32,22,14,13,11,20,37,37,34,16,15,9,10,21,33,1
41,49,22,16,8,11,23,39,32,29,18,14,7,10,16,28,1
33,25,12,17,5,8,14,24,28,19,10,16,2,5,13,23,1
28,22,13,17,7,5,10,20,26,10,7,24,6,4,6,15,1
20,16,21,16,5,6,15,24,12,15,20,17,6,5,14,24,1
19,19,26,20,11,7,12,16,17,12,34,16,8,6,9,14,1
26,22,32,9,10,7,9,14,27,23,24,6,6,4,7,13,1
21,46,36,15,18,10,15,29,20,27,25,12,9,8,12,28,1
26,44,38,14,9,9,13,31,20,19,31,10,7,5,10,25,1
25,29,29,27,15,10,19,27,16,24,24,20,12,5,12,15,1
22,25,37,21,20,8,10,22,14,27,34,19,14,12,10,26,1
23,28,22,27,15,10,8,18,15,14,15,16,10,6,8,12,1
11,13,23,22,7,3,6,14,9,10,15,16,4,2,4,8,1
15,20,34,18,25,10,6,13,15,21,29,8,11,5,7,14,1
20,15,32,21,22,12,11,18,14,12,28,18,13,8,8,14,1
21,17,22,20,29,13,13,23,18,16,11,11,25,8,9,17,1
13,18,13,29,27,9,6,10,12,15,7,18,26,8,6,8,1
16,24,25,28,27,8,8,12,10,7,16,25,16,8,5,7,1
15,19,18,11,9,6,13,16,9,15,21,11,7,4,10,8,1
19,28,30,16,8,4,10,25,12,15,10,12,9,2,6,14,1
26,35,25,28,37,15,12,25,27,22,24,25,32,9,7,16,1
14,19,18,15,30,8,5,12,14,13,8,10,17,6,5,11,1
27,28,19,27,20,12,17,31,22,21,12,7,26,10,10,23,1
36,28,33,14,27,10,12,37,20,21,24,8,20,7,11,24,1
36,31,21,22,14,11,18,32,37,23,24,15,14,8,13,31,1
32,32,34,5,18,9,10,25,19,23,24,4,10,4,7,19,1
34,28,19,15,17,11,11,34,22,16,12,11,14,8,13,26,1
35,42,31,25,21,13,11,20,29,38,27,23,8,8,11,18,1
29,36,34,15,14,7,13,21,21,32,13,17,16,8,12,13,1
27,33,18,13,15,6,6,15,23,22,11,14,13,4,6,9,1
28,27,23,11,13,8,10,19,22,16,20,4,6,4,6,17,1
33,56,33,15,8,8,14,32,27,34,30,9,7,5,13,22,1
50,49,23,14,11,6,16,38,25,34,16,11,10,4,15,30,1
56,47,44,18,13,9,16,32,33,40,17,14,15,8,15,32,1
22,32,39,19,8,5,8,23,21,32,29,13,4,3,6,15,1
29,27,20,6,9,8,10,23,22,16,21,4,9,6,8,13,1
39,40,31,15,11,8,14,47,34,28,24,16,10,5,12,32,1
49,43,51,21,12,16,18,34,20,35,41,11,12,16,14,30,1
26,49,49,19,6,6,10,32,20,34,32,15,5,4,9,31,1
36,40,32,5,7,6,13,38,30,25,23,3,6,3,8,26,1
34,19,28,15,7,6,13,30,30,14,21,9,4,3,5,18,1
36,20,18,11,6,6,15,36,31,19,13,8,5,8,11,24,1
38,39,48,9,6,7,13,46,24,24,29,7,5,5,11,34,1
28,32,27,16,12,10,13,26,24,25,20,21,11,7,19,27,1
45,45,25,13,12,9,15,37,34,25,12,5,6,6,11,25,1
24,24,43,19,8,7,8,15,8,20,21,21,6,4,6,15,1
22,30,23,25,9,6,7,18,20,29,15,15,7,3,6,19,1
26,19,19,20,12,8,13,24,27,20,15,20,8,5,9,21,1
14,18,18,11,6,4,6,22,13,9,13,8,6,3,4,14,1
17,18,20,20,10,5,5,11,15,13,12,16,7,3,2,5,1
14,13,13,14,7,7,6,18,10,11,7,9,8,5,4,16,1
14,21,10,9,9,7,9,18,9,9,8,4,8,4,5,8,1
17,16,10,18,6,3,7,16,7,11,8,13,3,2,5,13,1
20,11,28,22,11,4,13,19,10,12,20,11,8,4,8,13,1
26,35,17,17,11,9,12,24,18,18,8,11,15,8,13,18,1
22,14,22,18,12,4,7,12,13,8,17,11,9,3,5,11,1
22,28,22,16,17,7,10,19,12,17,12,11,9,6,7,14,1
27,27,12,17,14,5,12,27,32,24,12,8,12,7,13,31,1
24,19,13,14,11,5,12,23,23,9,9,15,9,3,7,19,1
30,15,9,15,10,7,11,13,33,12,6,5,5,7,11,10,1
9,11,14,15,9,4,5,10,8,7,16,13,7,3,5,8,1
10,17,11,17,9,4,7,13,9,9,9,11,8,4,5,8,1
15,13,9,15,5,4,6,16,12,11,7,8,4,3,3,14,1
12,16,11,9,4,4,8,14,11,8,10,8,3,3,4,14,1
14,14,12,12,7,3,5,10,17,10,12,6,5,3,4,8,1
11,17,15,23,9,3,5,11,8,12,10,18,5,2,3,13,1
19,31,17,15,6,5,8,12,12,19,8,10,5,3,4,9,1
20,16,9,10,9,5,6,15,7,5,9,10,7,4,4,13,1
22,15,8,19,10,4,6,19,15,13,6,21,7,2,4,16,1
18,14,14,16,10,5,6,13,15,12,12,15,8,3,3,11,1
26,15,13,11,10,7,8,22,13,9,7,7,8,4,5,12,1
34,37,20,17,7,6,11,24,27,23,12,14,4,4,9,17,1
34,22,21,11,7,5,10,28,14,17,10,5,4,4,8,14,1
25,20,22,10,7,6,8,18,22,15,18,6,4,4,8,16,1
30,35,18,8,7,7,11,21,24,24,14,5,6,6,8,15,1
22,22,22,12,8,5,5,16,18,13,14,7,6,3,3,9,1
18,16,30,14,6,5,7,16,10,13,23,8,3,3,2,6,1
16,30,34,18,4,5,7,15,10,25,26,12,2,4,2,8,1
36,34,25,11,5,5,10,21,27,19,23,7,2,3,7,12,1
35,26,16,15,9,7,8,12,19,21,10,12,5,3,6,13,1
26,28,11,13,8,6,10,21,20,24,8,9,6,6,7,16,1
19,25,9,12,6,3,6,12,15,15,9,13,4,4,5,6,1
20,26,11,11,6,6,9,19,16,20,6,10,5,6,10,22,1
20,14,13,13,7,4,8,18,15,9,11,7,3,3,6,18,1
19,23,10,10,4,4,9,16,14,15,8,8,2,3,5,11,1
16,17,11,10,12,6,8,17,12,8,10,9,13,6,8,20,1
17,23,14,10,9,7,9,20,14,19,10,7,5,7,7,14,1
29,34,19,9,4,6,8,17,20,19,12,7,3,3,5,13,1
17,19,7,11,5,4,8,23,9,15,6,6,3,2,4,14,1
11,17,10,11,4,2,4,12,7,10,7,3,2,1,3,10,1
15,17,12,11,6,2,4,11,16,13,11,11,5,2,4,6,1
17,13,11,9,6,4,8,16,9,11,14,7,3,3,6,12,1
15,14,14,10,4,4,6,17,13,11,8,11,3,2,5,10,1
14,13,10,14,3,2,5,13,17,13,6,11,2,2,1,7,1
21,11,11,10,4,3,8,14,15,6,7,8,3,3,3,6,1
19,23,10,10,3,4,9,19,10,15,8,5,3,3,7,17,1
13,18,9,10,6,2,2,6,10,9,9,6,5,2,2,4,1
16,16,6,5,6,4,6,18,10,12,4,6,6,4,4,11,1
18,11,4,6,4,2,5,14,11,9,3,3,1,1,4,8,1
25,16,8,10,4,3,6,14,16,13,8,7,2,1,3,12,1
15,20,6,9,4,5,7,18,11,16,4,6,4,3,7,14,1
16,19,9,10,2,3,6,8,10,12,5,11,1,2,3,5,1
14,16,10,10,6,5,7,14,12,16,6,6,3,4,6,14,1
22,18,9,6,5,4,6,9,15,11,5,6,1,3,2,5,1
13,21,6,9,6,5,9,17,9,17,5,6,4,5,11,18,1
25,24,9,5,5,5,8,15,11,15,6,4,6,4,5,11,1
15,13,7,18,4,3,4,8,8,8,6,18,4,3,3,7,1
18,23,12,12,4,5,8,18,9,14,8,4,3,3,7,13,1
13,19,11,9,5,3,4,8,7,10,4,8,3,2,4,5,1
15,17,7,9,6,3,5,10,8,8,3,8,6,3,3,9,1
27,18,6,6,3,3,9,21,16,15,5,6,2,4,8,20,1
23,24,6,10,3,2,4,10,22,19,5,9,2,1,4,8,1
21,18,7,9,4,3,5,14,19,12,3,11,3,3,2,8,1
8,15,9,6,6,3,4,11,5,7,7,4,3,2,4,10,1
13,15,8,7,4,2,6,11,10,7,5,6,2,2,5,14,1
11,18,10,5,2,2,5,6,5,9,7,3,2,2,3,4,1
17,14,9,7,5,5,6,8,10,8,6,8,4,3,4,7,1
12,13,6,6,4,3,6,16,9,9,5,5,3,2,5,8,1
14,12,5,11,4,2,5,8,7,5,4,4,2,2,4,7,1
15,23,10,10,5,2,6,18,20,15,6,6,4,2,7,19,1
14,11,5,5,7,5,4,8,11,7,5,4,6,4,2,7,1
8,7,6,13,3,2,5,10,6,5,4,11,2,1,2,7,1
15,13,7,11,5,4,7,14,10,7,6,10,2,3,5,6,1
16,15,10,9,2,2,6,14,13,13,8,6,2,2,3,9,1
15,12,5,5,2,2,5,15,10,13,5,3,1,2,3,10,1
19,24,11,6,4,4,5,9,14,18,7,3,6,3,3,6,1
23,23,7,6,4,2,4,13,11,14,6,6,4,2,4,10,1
12,15,9,9,4,3,4,12,9,8,11,6,4,2,2,7,1
13,13,14,7,3,2,5,8,10,7,14,7,3,1,3,5,1
23,16,10,7,4,3,4,13,15,12,9,5,1,1,4,10,1
24,25,10,11,6,5,8,17,17,19,9,7,5,4,5,11,1
15,17,10,9,3,3,6,9,6,5,6,5,3,3,5,6,1
15,17,9,8,2,4,6,11,12,16,6,4,1,3,5,6,1
25,19,10,10,5,4,10,21,24,19,6,5,3,4,7,15,1
15,14,8,6,2,4,8,18,9,8,7,5,2,3,5,9,1
22,29,10,9,3,3,7,15,12,13,7,8,2,1,3,8,1
25,13,7,11,5,4,9,21,15,11,3,7,3,2,4,15,1
16,22,7,8,4,2,4,11,10,12,5,7,3,1,4,8,1
8,18,8,8,5,3,6,9,4,8,6,6,5,2,4,9,1
9,14,10,6,4,4,6,13,9,12,8,4,3,2,4,11,1
12,14,8,7,6,4,6,18,6,12,5,4,5,3,4,13,1
15,22,7,6,2,4,6,11,15,16,8,5,2,2,3,10,1
15,15,5,7,3,3,7,17,9,12,3,4,2,2,4,12,1
16,17,8,3,2,2,5,13,11,15,5,3,2,1,3,9,1
17,17,7,7,2,3,7,17,7,11,5,5,2,2,4,13,1
16,14,6,8,3,3,8,18,8,14,2,4,2,2,8,22,1
6,10,8,6,2,4,7,18,4,5,6,4,1,2,3,9,1
14,16,10,5,2,3,7,20,10,9,3,4,1,1,6,18,1
22,10,5,8,2,3,7,21,15,8,6,9,2,2,6,22,1
10,11,7,6,2,3,6,9,8,11,8,6,2,1,4,10,1
18,25,8,5,6,4,7,15,15,21,7,3,3,4,4,10,1
23,15,8,7,4,4,8,20,12,11,7,4,4,2,3,13,1
14,10,9,11,4,4,8,21,10,6,7,8,4,2,4,14,1
14,15,7,8,4,4,6,12,8,9,6,6,3,3,4,5,1
12,11,6,5,2,4,9,18,10,10,4,3,1,2,4,10,1
17,13,12,5,3,4,8,26,14,13,7,4,3,2,5,15,1
15,19,9,3,3,4,6,15,10,12,6,4,1,1,4,9,1
15,16,6,5,4,5,11,21,7,6,4,5,4,4,8,15,1
11,9,9,8,1,4,7,12,4,7,5,6,1,3,6,7,1
14,14,7,7,2,4,8,9,10,9,4,3,1,3,5,6,1
20,13,5,5,2,3,8,18,17,9,3,5,2,2,7,16,1
21,16,10,7,3,5,9,19,18,8,5,3,2,2,6,12,1
13,14,9,6,2,3,5,15,7,10,9,6,1,2,4,8,1
13,14,5,5,2,3,7,15,7,8,6,4,1,2,6,9,1
20,18,10,7,2,3,8,21,15,11,9,9,2,4,7,15,1
21,23,8,7,2,4,9,24,12,25,7,5,1,2,6,18,1
15,15,12,4,4,3,7,13,14,9,10,7,4,2,5,8,1
12,11,4,3,2,2,4,14,10,7,3,2,1,1,3,8,1
11,15,5,4,3,2,4,9,11,9,3,2,3,2,3,6,1
9,8,5,7,3,4,5,14,12,10,4,5,4,3,3,6,1
14,20,11,9,3,3,6,19,9,12,9,11,1,2,4,15,1
11,12,14,9,3,3,7,15,11,7,8,6,2,2,4,9,1
22,13,8,5,3,3,7,13,19,11,7,4,2,2,4,8,1
20,14,7,6,2,4,9,22,19,9,5,5,0,2,6,24,1
15,18,8,7,3,3,8,21,12,11,6,5,1,3,6,12,1
17,12,9,4,2,3,5,11,14,9,4,3,2,2,3,8,1
12,11,7,3,2,3,5,15,10,8,4,1,1,4,4,13,1
15,16,6,4,2,2,5,14,12,11,5,5,2,2,3,7,1
15,10,7,2,1,2,4,7,6,7,5,2,0,1,2,6,1
18,22,9,6,3,4,9,17,17,20,5,4,3,3,6,12,1
7,12,4,7,2,2,3,6,4,6,2,5,0,1,2,6,1
10,12,7,10,4,2,5,9,8,11,6,6,2,2,4,11,1
14,14,4,5,1,2,6,8,8,10,3,2,1,1,2,7,1
11,10,6,2,2,2,5,20,6,6,3,1,1,2,4,13,1
10,10,5,5,2,3,6,8,7,9,4,3,2,2,4,5,1
15,19,7,3,2,2,5,9,14,14,6,2,1,2,3,7,1
11,13,7,5,1,1,4,11,13,11,10,4,1,1,2,4,1
14,15,8,5,2,3,5,5,7,15,6,6,3,2,3,4,1
7,12,5,4,1,2,5,9,6,9,3,2,1,1,3,4,1
13,14,8,5,1,2,6,11,7,13,6,4,0,2,4,8,1
11,10,3,3,2,3,4,7,8,6,2,3,0,2,5,3,1
12,16,7,5,3,3,5,14,13,10,5,5,3,2,4,9,1
16,20,10,7,3,3,8,12,13,14,7,4,1,2,4,7,1
18,17,7,4,2,4,7,13,14,10,6,3,1,3,4,4,1
17,16,7,2,1,3,5,10,8,9,3,1,1,1,4,6,1
8,10,5,3,2,4,7,16,7,4,4,3,1,2,3,12,1
11,13,6,4,1,1,3,7,10,9,6,3,0,1,2,4,1
16,14,9,8,3,3,8,22,12,9,4,6,1,3,7,14,1
17,17,4,7,2,4,7,11,12,12,4,4,1,3,6,7,1
8,10,6,4,3,2,3,9,5,7,5,3,2,1,3,8,1
10,15,6,3,2,3,7,14,7,9,4,3,1,3,6,18,1
14,13,4,5,2,2,5,14,13,10,3,3,1,2,4,12,1
8,7,5,4,3,3,6,13,4,5,3,4,2,2,3,7,1
18,15,7,2,2,5,10,18,12,11,2,2,2,3,6,12,1
13,17,7,4,2,3,6,9,11,10,5,3,2,2,4,7,1
15,12,5,2,2,3,7,15,9,8,3,1,2,2,4,13,1
7,7,6,3,2,2,4,7,7,7,3,1,1,1,2,3,1
8,10,6,2,1,2,5,8,7,4,4,2,0,2,4,5,1
15,12,5,2,2,4,9,14,10,12,2,1,1,1,3,7,1
14,12,5,4,1,2,6,11,9,15,4,1,1,2,5,10,1
8,11,8,5,1,2,4,7,11,15,6,4,1,2,3,7,1
20,12,6,4,2,4,7,11,20,15,6,2,1,2,4,5,1
11,11,5,3,2,3,5,12,8,6,2,1,2,2,5,8,1
16,17,5,4,2,2,4,10,10,12,3,3,1,2,2,5,1
15,17,9,5,3,3,6,16,9,9,7,3,2,2,4,13,1
10,14,7,4,2,2,3,10,8,7,4,2,1,1,2,5,1
12,9,3,3,1,3,6,13,8,6,3,2,1,0,3,9,1
11,12,5,4,2,3,4,11,6,5,4,3,2,2,3,10,1
18,16,7,5,3,4,8,17,13,7,4,4,2,4,7,15,1
19,16,5,4,2,3,5,13,12,15,4,2,1,2,3,9,1
15,15,4,4,2,3,6,10,11,8,3,3,1,1,3,5,1
17,9,4,4,2,3,5,12,12,8,3,3,0,2,5,12,1
21,15,4,2,2,2,29,31,9,11,3,2,2,2,25,28,2
11,8,3,4,4,5,15,23,8,7,2,2,2,2,14,17,2
14,10,6,3,3,4,17,39,12,10,5,1,1,3,12,21,2
11,7,4,4,3,5,27,33,9,4,3,3,2,4,20,24,2
6,8,4,2,2,2,9,40,5,5,3,3,1,1,5,25,2
21,9,5,3,2,4,18,38,15,6,3,2,1,4,15,34,2
10,6,4,3,3,5,17,23,7,6,3,2,2,4,11,28,2
22,15,4,2,1,2,15,28,20,9,3,2,1,1,12,18,2
20,11,3,2,1,3,12,21,16,5,1,1,1,2,13,16,2
13,11,2,2,1,3,13,30,10,8,2,1,1,2,10,24,2
15,14,5,4,3,3,12,17,11,9,3,2,2,3,7,11,2
11,14,3,2,2,3,19,36,8,12,1,2,2,3,12,21,2
10,12,6,3,3,3,19,28,11,10,3,2,1,2,17,28,2
12,9,4,2,2,4,9,35,11,8,2,1,1,3,8,29,2
20,11,4,2,1,2,13,24,12,10,6,1,1,1,11,18,2
16,11,4,3,3,4,19,27,18,8,4,3,2,3,10,20,2
14,17,4,2,2,3,11,23,11,13,3,1,1,2,8,18,2
7,12,5,3,2,1,10,12,7,9,4,2,1,2,8,8,2
9,13,2,3,2,5,11,31,8,8,1,1,1,4,9,25,2
11,15,4,2,2,3,18,39,8,10,2,1,1,2,18,24,2
12,11,3,2,2,3,16,38,7,11,2,3,2,2,15,21,2
14,9,3,4,2,3,17,28,12,7,3,3,2,3,13,24,2
16,12,3,2,2,3,17,23,11,10,3,2,2,2,13,13,2
13,14,4,2,2,3,15,33,5,8,2,1,0,2,9,24,2
13,7,2,2,2,3,12,25,8,4,1,1,1,1,8,18,2
11,9,1,2,2,4,14,37,10,4,1,1,1,2,8,23,2
8,11,3,3,2,2,10,31,5,9,3,2,1,2,6,28,2
16,9,4,2,2,4,16,25,10,12,3,2,0,1,8,15,2
25,10,4,4,3,4,13,37,21,8,4,2,2,3,11,36,2
20,15,3,3,2,4,10,36,11,12,1,2,1,2,6,23,2
9,10,3,1,1,2,11,26,5,4,1,1,0,0,8,21,2
17,9,3,1,2,3,13,25,6,7,2,1,1,1,9,14,2
20,17,4,3,2,2,12,22,14,12,4,2,1,2,8,18,2
12,12,2,2,2,3,12,19,8,8,1,1,1,1,8,17,2
10,8,4,3,2,3,13,9,10,4,5,2,1,2,10,8,2
12,10,2,2,2,3,18,28,9,6,2,1,1,2,20,19,2
12,9,2,1,2,2,12,21,10,5,2,1,1,0,8,16,2
15,10,3,3,2,3,10,23,9,8,2,2,1,1,7,16,2
16,15,6,3,2,4,18,33,16,14,2,2,1,3,12,25,2
16,14,3,1,1,2,21,21,16,11,2,1,1,1,14,17,2
8,6,2,2,2,2,15,23,8,4,2,2,1,2,11,16,2
8,8,4,2,2,3,13,19,5,5,4,2,2,3,9,14,2
13,6,4,3,2,3,11,25,12,2,4,2,2,2,9,23,2
8,7,4,3,1,1,14,33,10,4,2,2,2,2,11,24,2
19,8,3,2,2,3,12,27,13,6,2,1,1,1,10,21,2
17,8,2,2,2,3,9,25,15,4,3,2,1,2,8,17,2
15,9,3,1,1,2,13,26,12,7,2,1,1,1,15,18,2
17,11,2,3,3,5,19,22,11,9,3,2,1,4,9,15,2
9,13,3,2,1,3,10,15,7,7,3,1,1,1,7,11,2
10,9,5,3,2,3,14,36,6,3,4,3,2,2,12,28,2
10,11,3,2,2,2,13,24,7,6,2,2,2,1,11,19,2
18,11,5,3,3,4,20,24,14,7,3,1,1,2,14,16,2
10,6,5,2,2,2,11,28,7,5,3,2,1,2,9,19,2
13,9,5,3,2,2,7,25,7,6,3,2,1,1,3,24,2
17,8,5,2,1,2,8,18,8,7,4,2,1,1,11,12,2
15,8,4,2,2,3,16,34,15,6,3,2,2,3,10,27,2
19,8,3,2,2,3,12,18,10,6,2,1,1,2,11,16,2
19,10,3,1,1,2,19,30,18,8,2,1,1,3,17,25,2
16,13,3,1,1,2,15,33,6,5,1,1,1,2,11,24,2
14,9,4,3,2,4,10,22,12,7,2,2,1,1,11,13,2
15,6,4,3,2,3,16,34,12,5,2,1,1,2,10,33,2
10,11,5,2,2,3,13,20,10,7,3,1,1,1,8,15,2
9,5,2,3,2,3,18,17,8,3,1,1,1,2,27,11,2
15,8,3,2,2,3,17,17,13,5,3,2,1,3,15,12,2
17,9,3,3,2,3,8,19,12,6,3,2,2,2,7,13,2
14,6,3,1,1,2,12,26,12,2,2,1,1,1,6,21,2
18,11,4,2,2,2,10,23,9,6,2,2,2,1,7,12,2
17,8,3,2,2,4,17,23,16,5,2,1,1,2,11,19,2
14,8,1,3,3,5,9,18,12,8,1,0,1,2,6,13,2
16,6,1,1,1,3,13,15,8,4,1,1,1,2,12,12,2
12,10,4,3,2,3,10,24,7,10,3,2,1,2,10,18,2
16,8,2,3,2,3,10,20,13,6,2,1,1,2,11,16,2
9,13,3,2,1,2,7,10,7,5,1,0,1,1,4,12,2
15,18,3,2,1,3,12,16,11,14,2,1,1,1,11,6,2
11,9,2,2,2,2,6,21,14,3,2,2,1,1,5,16,2
13,7,2,3,3,3,8,16,12,7,2,3,2,1,4,14,2
13,7,4,3,2,2,14,20,8,4,2,2,1,1,14,16,2
11,8,1,2,1,1,14,17,8,7,1,1,1,1,14,20,2
14,6,3,3,2,4,13,28,7,4,2,3,2,2,7,18,2
21,8,3,3,3,4,13,25,13,7,3,2,2,2,7,19,2
16,8,3,3,2,3,8,25,16,4,1,1,1,2,8,18,2
13,11,3,2,1,2,12,22,11,8,2,2,1,1,12,15,2
11,10,3,2,1,3,10,23,11,8,2,1,1,2,6,23,2
13,8,3,2,2,2,7,21,12,7,2,2,1,2,6,19,2
17,8,5,3,2,4,6,18,9,6,4,3,2,2,6,17,2
16,5,2,2,1,3,10,23,12,5,1,1,1,2,7,18,2
14,8,3,2,2,4,14,14,11,12,4,2,2,3,10,14,2
19,8,3,2,2,3,12,33,11,8,2,1,1,3,9,25,2
11,8,3,2,2,2,6,26,9,5,2,2,1,1,8,20,2
18,5,2,1,1,2,7,23,10,5,2,1,0,2,6,14,2
10,7,3,2,2,2,4,21,8,5,2,2,1,2,4,10,2
18,7,2,2,1,1,7,15,11,4,1,1,1,2,7,16,2
10,7,2,2,2,3,9,27,6,3,1,1,1,2,9,24,2
20,8,4,3,2,2,8,22,23,4,1,1,1,1,7,13,2
16,6,3,1,0,1,9,20,16,4,1,1,0,0,11,22,2
8,8,1,1,1,2,10,16,5,6,1,0,0,1,6,7,2
14,9,3,1,1,1,6,18,12,6,2,1,1,0,4,7,2
13,9,2,1,1,2,8,19,7,3,1,1,1,1,6,12,2
11,4,3,1,2,2,18,24,12,1,1,1,1,1,14,23,2
17,11,3,2,2,3,7,23,10,8,2,1,1,3,6,23,2
15,5,1,1,2,2,6,16,11,5,1,1,1,1,5,12,2
16,6,2,2,2,4,13,24,14,3,1,1,2,2,10,18,2
13,9,3,1,1,2,12,14,9,7,1,1,1,1,13,12,2
12,11,2,1,1,3,12,21,9,9,2,1,1,1,11,13,2
15,11,3,2,2,2,10,23,14,4,2,2,0,1,5,27,2
23,10,4,2,1,2,8,25,13,6,2,0,1,1,6,22,2
11,6,2,2,2,2,8,23,8,3,1,1,1,1,6,12,2
13,8,4,2,1,3,12,15,10,7,3,1,1,2,8,7,2
11,4,2,1,1,2,8,21,5,4,1,1,2,2,3,18,2
20,8,2,2,2,3,15,27,11,5,1,2,2,3,14,18,2
13,3,3,2,1,2,11,18,11,2,2,3,1,1,8,17,2
19,10,2,2,2,2,13,17,8,6,2,1,0,2,13,11,2
9,6,3,2,2,3,18,19,6,5,2,2,1,2,8,20,2
11,9,1,1,1,2,12,17,6,6,1,1,0,1,6,11,2
5,8,3,1,1,2,9,9,4,8,3,1,1,1,11,9,2
11,8,3,2,1,2,7,17,12,10,2,2,1,1,4,10,2
12,8,2,2,2,3,8,13,10,6,2,1,1,3,5,10,2
12,8,1,2,1,2,11,23,11,7,2,1,1,1,12,24,2
13,4,2,2,1,3,10,40,10,2,2,1,1,2,8,30,2
9,8,4,3,2,2,11,32,5,5,2,3,2,2,9,27,2
7,7,3,2,2,3,5,20,9,6,2,0,1,2,4,17,2
16,10,4,3,2,3,13,22,10,6,3,2,1,2,9,17,2
10,10,4,2,2,3,5,16,5,7,3,2,2,2,3,9,2
14,7,3,2,2,2,9,27,10,5,2,2,1,1,4,23,2
19,10,3,2,2,3,12,20,9,7,2,1,1,2,5,14,2
14,6,2,3,2,2,15,14,14,5,2,2,1,1,7,6,2
15,7,2,2,1,2,7,18,6,4,1,2,1,2,10,14,2
12,6,4,2,1,2,7,21,11,4,3,1,1,1,5,20,2
17,5,2,1,1,3,7,31,13,2,1,1,1,2,7,23,2
7,9,3,3,3,3,14,31,5,5,2,2,2,2,9,14,2
15,8,4,1,1,2,12,25,13,5,3,1,1,2,9,18,2
15,5,2,3,2,2,12,26,14,3,1,1,1,1,8,18,2
11,9,2,2,2,3,8,14,10,3,2,1,1,2,6,17,2
18,7,3,2,2,2,13,21,17,5,2,1,1,1,7,11,2
16,7,3,2,2,2,9,23,12,4,2,1,1,1,6,17,2
20,5,3,4,3,2,8,24,11,4,1,3,2,1,8,12,2
17,9,3,3,2,3,15,16,9,5,1,1,1,2,11,12,2
17,7,3,2,1,2,13,18,10,5,2,2,0,1,9,16,2
14,7,3,1,1,2,13,24,11,7,2,1,1,1,8,18,2
14,6,3,1,1,3,8,23,9,5,2,1,1,3,7,10,2
15,11,2,2,1,2,12,25,11,8,1,1,1,1,11,16,2
11,12,3,2,2,3,11,14,8,9,3,3,2,1,7,13,2
15,9,2,2,2,2,11,15,8,8,1,2,1,2,6,17,2
20,6,2,2,2,2,13,36,9,5,1,1,0,2,9,15,2
13,9,1,3,2,3,12,25,11,6,1,2,1,3,6,30,2
14,4,2,3,3,2,7,31,12,3,2,3,2,1,6,22,2
16,11,5,2,1,2,15,34,13,8,3,1,1,2,9,22,2
18,10,3,2,1,2,16,22,17,7,3,1,1,1,9,20,2
14,10,3,3,2,2,9,21,12,11,3,2,1,3,10,11,2
20,10,4,3,2,3,14,29,12,4,3,2,1,2,10,24,2
10,6,2,2,2,2,9,25,10,6,1,1,1,1,6,27,2
23,4,3,2,2,3,17,43,19,2,1,2,2,1,18,36,2
16,7,2,2,2,3,10,20,13,6,1,1,1,1,11,19,2
8,8,3,2,3,4,15,19,7,3,2,2,2,2,12,19,2
12,10,3,2,2,3,14,14,9,8,1,1,1,2,9,8,2
23,5,2,3,2,3,14,26,10,3,2,2,1,2,13,14,2
16,10,3,3,2,3,9,22,10,9,3,2,1,1,9,11,2
8,7,2,2,3,2,10,17,5,6,1,2,1,1,7,20,2
11,11,4,3,2,2,8,25,6,9,3,2,1,2,5,16,2
9,8,3,3,2,2,10,22,8,5,3,3,2,3,8,12,2
18,7,2,1,2,2,10,37,12,5,2,1,1,1,6,11,2
7,9,2,2,1,1,15,15,4,6,1,2,1,1,11,10,2
15,7,5,1,1,3,6,16,9,9,3,1,1,2,6,13,2
15,12,4,3,2,3,17,39,13,4,2,1,1,2,8,33,2
19,12,3,3,3,4,7,16,11,12,2,2,2,2,4,13,2
15,7,3,2,2,2,10,16,9,7,2,1,1,1,8,18,2
8,6,2,2,2,3,9,23,9,4,2,1,1,2,5,15,2
15,9,3,2,1,3,16,25,10,5,1,1,1,1,11,13,2
13,7,3,2,2,2,9,15,5,4,1,1,0,2,6,9,2
12,9,2,2,2,2,8,22,7,5,2,1,1,1,10,15,2
9,8,3,3,2,3,9,19,7,6,2,2,1,2,8,18,2
18,6,4,3,1,3,17,36,10,4,3,1,1,1,7,19,2
8,7,2,2,2,3,11,14,8,6,2,1,1,3,8,19,2
13,7,1,1,1,1,5,16,12,7,1,1,1,1,5,11,2
10,6,3,2,2,2,13,18,11,5,2,1,1,1,5,15,2
14,10,3,2,2,3,12,28,12,8,1,1,1,2,11,18,2
12,12,3,1,1,2,14,17,7,10,2,1,1,2,9,14,2
11,7,2,2,2,2,15,27,9,4,1,1,1,2,9,14,2
9,5,3,3,2,2,11,24,9,4,2,3,2,1,8,15,2
17,13,3,1,2,3,18,27,15,9,2,1,1,1,17,12,2
11,8,3,3,2,2,19,20,10,7,1,1,1,2,12,25,2
8,10,3,2,2,2,13,25,4,6,2,1,1,2,7,18,2
13,5,2,2,2,2,15,26,9,3,1,1,1,1,8,16,2
21,9,3,2,1,2,11,24,10,6,2,1,1,1,11,15,2
21,7,5,3,3,3,6,27,18,7,4,1,1,3,3,21,2
15,10,5,2,2,2,12,20,15,6,3,1,1,2,10,13,2
9,10,4,2,2,3,13,23,6,4,3,2,2,2,11,10,2
13,12,3,3,2,3,17,25,9,10,2,1,1,2,13,15,2
11,9,4,3,3,4,13,43,8,6,3,2,1,3,10,30,2
16,7,4,3,2,4,10,15,13,5,4,2,2,3,8,9,2
17,9,3,2,1,3,10,24,8,5,3,1,1,1,12,12,2
19,4,3,1,1,2,12,23,18,2,1,1,1,2,10,21,2
14,12,4,3,2,4,14,32,14,11,4,2,2,4,10,21,2
14,8,3,3,2,3,8,20,15,4,2,2,1,2,6,15,2
19,6,2,2,1,1,15,21,14,6,1,2,1,1,17,15,2
14,8,1,2,1,3,13,31,10,6,1,1,0,2,8,26,2
14,10,2,2,1,2,20,26,10,5,1,1,1,1,19,14,2
18,7,2,2,2,3,15,21,15,6,1,0,0,2,11,35,2
21,9,3,1,2,3,9,27,26,7,2,1,1,2,8,17,2
17,6,2,2,1,2,7,25,12,5,1,1,1,1,6,17,2
10,6,3,2,2,3,8,23,10,4,5,3,1,2,6,21,2
12,8,2,1,1,2,10,20,8,5,2,1,1,1,5,12,2
17,7,2,1,2,5,18,23,10,5,3,1,1,2,17,30,2
11,11,3,3,1,3,17,26,9,8,2,1,1,3,12,19,2
16,10,4,2,1,2,7,21,10,9,3,2,1,2,4,12,2
10,6,3,2,2,1,15,24,7,3,2,1,1,1,8,15,2
15,11,4,3,2,3,9,11,7,11,3,2,1,2,7,10,2
12,7,3,2,1,3,9,24,11,5,2,1,1,2,6,27,2
13,9,4,2,1,2,14,25,12,3,3,1,1,2,12,25,2
18,8,4,3,2,4,13,42,13,4,2,2,1,2,12,24,2
12,12,3,1,2,2,14,32,10,14,3,1,0,2,11,21,2
26,13,4,3,2,3,7,32,26,12,4,2,1,2,7,15,2
10,8,3,3,2,3,12,21,6,5,2,2,1,2,6,14,2
12,8,3,2,1,2,15,37,11,6,2,1,1,2,13,19,2
15,18,3,1,1,2,11,25,11,16,2,1,1,1,6,14,2
19,7,2,2,1,2,15,28,12,5,2,0,1,2,10,24,2
17,10,4,3,2,2,15,21,13,9,3,2,1,1,9,17,2
18,8,3,2,2,3,9,21,14,7,1,1,1,1,7,22,2
12,11,2,1,0,2,10,19,4,5,1,1,1,1,8,18,2
13,19,4,2,1,1,13,26,12,13,3,1,1,1,9,20,2
16,19,3,2,2,1,14,24,14,14,2,2,2,1,13,18,2
19,10,2,1,1,2,17,22,20,9,1,1,0,2,18,19,2
15,11,3,4,1,2,16,34,13,6,2,7,1,1,7,33,2
13,12,3,2,2,3,12,21,9,11,3,2,1,2,10,14,2
22,18,7,3,2,3,8,12,16,13,4,2,1,2,7,14,2
21,9,6,2,1,1,7,21,12,8,8,1,1,1,6,15,2
19,7,4,1,1,2,6,26,10,4,4,1,1,1,4,14,2
21,11,6,3,2,4,10,35,12,8,4,2,1,3,8,23,2
18,9,5,2,1,3,11,14,14,4,4,1,0,1,6,7,2
17,11,6,3,1,2,10,22,9,7,4,2,1,1,8,17,2
17,16,6,2,2,3,15,23,11,13,2,1,1,1,9,17,2
13,10,2,2,2,3,12,24,11,7,1,1,1,2,8,18,2
11,8,5,2,1,2,14,22,8,8,4,1,1,2,13,15,2
16,14,4,3,2,3,10,45,8,10,3,3,2,2,6,25,2
13,14,3,2,2,3,7,22,9,11,2,1,1,2,7,20,2
20,9,3,2,2,4,12,23,17,7,2,2,1,3,10,14,2
16,11,4,2,2,2,7,26,7,7,3,2,1,1,5,19,2
15,9,2,1,1,1,12,23,12,8,1,0,0,1,9,15,2
13,13,5,3,2,3,15,22,7,8,3,1,1,2,12,17,2
16,9,2,3,2,3,11,19,7,5,1,1,1,1,6,15,2
13,8,3,2,1,2,14,19,9,3,1,1,1,1,8,17,2
20,9,2,1,1,3,13,18,19,7,2,1,1,2,9,13,2
12,8,2,1,0,1,11,23,11,7,1,1,0,1,9,17,2
12,4,1,1,2,1,10,22,9,2,1,2,1,1,8,23,2
11,5,3,1,1,2,9,26,10,4,1,1,1,1,8,21,2
17,13,4,2,2,3,11,12,11,5,2,1,1,2,6,8,2
12,7,2,1,1,2,13,24,10,7,2,1,1,1,9,14,2
6,8,2,2,1,2,14,23,5,5,1,1,0,1,10,14,2
16,14,3,3,2,4,11,23,11,11,2,1,1,3,9,21,2
15,13,3,2,2,3,15,27,13,13,2,2,1,2,15,17,2
18,9,5,3,2,2,13,35,17,10,3,2,2,2,13,23,2
5,15,4,2,3,3,19,18,5,12,2,1,1,2,11,15,2
15,8,2,2,2,3,8,27,9,9,2,2,1,2,7,14,2
15,9,2,2,1,1,16,27,11,9,2,1,1,1,10,25,2
8,5,2,2,1,2,13,42,5,5,2,2,1,1,5,17,2
14,8,3,2,2,3,13,19,10,4,1,2,2,3,9,14,2
8,9,2,2,2,2,16,7,5,7,1,1,1,2,11,6,2
7,12,3,2,1,2,11,18,6,9,2,1,1,1,9,11,2
10,8,2,1,1,2,11,24,8,8,1,1,1,2,7,19,2
14,7,2,1,1,1,15,20,12,4,1,1,1,1,10,22,2
17,8,3,2,2,3,12,23,13,8,2,1,1,2,9,18,2
20,6,1,1,1,2,10,22,17,3,1,1,0,1,10,23,2
10,3,2,2,2,3,11,15,6,2,1,2,2,4,8,13,2
12,10,1,1,1,3,14,29,10,6,1,0,0,2,9,16,2
10,8,3,1,2,1,9,20,13,6,1,1,1,1,5,15,2
25,14,4,3,2,3,6,20,19,9,3,2,2,2,6,13,2
21,11,3,2,1,2,12,12,16,8,3,1,1,3,7,8,2
12,10,2,2,2,3,8,20,10,6,1,1,1,2,8,16,2
10,8,2,2,2,2,12,14,6,4,3,3,2,2,8,15,2
16,13,5,3,2,4,10,15,19,9,4,2,1,3,6,8,2
12,15,3,2,2,2,10,20,8,9,2,1,1,2,6,12,2
19,10,2,2,1,3,8,26,9,6,3,2,2,3,5,27,2
14,6,3,1,1,2,11,26,10,6,2,1,0,1,10,26,2
12,10,2,1,1,3,7,18,11,6,0,1,0,2,6,10,2
6,9,2,1,1,2,4,24,3,4,2,1,1,1,3,8,2
15,5,2,2,2,3,12,21,6,4,1,1,1,2,10,9,2
7,7,2,2,2,4,16,22,5,6,1,2,1,1,15,15,2
6,8,2,2,1,2,8,31,9,6,0,0,1,1,7,11,2
11,8,3,2,1,2,11,22,9,4,2,1,1,1,6,11,2
9,7,2,2,1,2,12,32,7,5,1,1,1,1,15,21,2
9,7,4,3,3,4,21,32,9,5,2,0,1,2,15,34,2
15,12,2,1,1,2,10,21,7,9,1,1,1,0,10,24,2
14,11,3,2,2,2,17,26,9,11,2,1,1,1,10,16,2
10,7,3,1,1,2,10,13,7,6,1,1,1,2,5,8,2
9,9,2,1,2,2,12,18,7,4,1,1,1,0,14,15,2
22,12,5,2,2,3,9,17,11,7,3,1,1,1,6,14,2
17,11,2,1,1,2,12,30,17,10,2,1,1,2,7,25,2
21,7,1,1,1,1,15,20,15,4,1,1,0,1,10,14,2
13,7,2,2,2,2,11,22,13,5,2,2,1,2,8,22,2
16,7,3,2,2,2,15,30,12,5,1,1,1,1,19,13,2
24,6,2,3,2,3,12,36,8,6,1,2,2,2,12,19,2
14,13,4,2,2,3,6,21,10,9,2,2,2,2,6,15,2
19,17,3,1,2,2,11,15,16,8,3,1,0,1,12,9,2
17,11,2,1,1,1,9,24,10,8,1,1,0,1,8,8,2
13,7,3,1,1,2,11,18,9,6,1,1,0,1,4,11,2
5,9,2,2,1,1,8,14,5,5,1,1,1,1,4,8,2
12,9,2,2,1,2,9,13,10,7,1,1,1,1,4,5,2
13,11,3,2,2,3,9,23,8,8,1,2,2,2,7,20,2
16,10,2,2,1,1,16,27,14,8,1,2,1,2,18,17,2
12,5,2,1,1,2,12,26,9,6,1,1,1,3,16,15,2
4,13,34,41,19,7,3,3,5,12,23,27,16,8,3,3,3
10,22,28,46,31,15,7,7,7,13,11,19,20,11,6,5,3
6,18,34,40,22,10,5,3,3,10,21,37,14,7,3,3,3
7,16,28,47,15,6,4,4,4,11,18,34,8,4,2,3,3
4,12,34,33,18,7,3,2,4,8,29,25,15,5,2,2,3
4,11,39,27,13,3,2,2,1,6,30,16,9,3,1,2,3
5,16,27,31,16,7,4,3,4,11,17,17,10,3,3,3,3
3,14,38,37,16,8,4,2,2,10,21,27,9,5,3,2,3
4,17,35,32,13,6,2,2,3,8,31,31,12,3,2,2,3
5,18,34,32,12,5,3,3,4,11,26,35,10,4,3,2,3
4,16,43,34,12,7,4,4,4,16,22,27,9,5,2,1,3
15,28,42,34,35,17,9,10,9,22,29,27,23,12,6,5,3
10,22,26,25,23,15,8,7,10,18,16,15,23,13,8,7,3
9,25,43,35,20,9,5,5,7,18,30,17,12,6,4,4,3
8,22,41,46,14,6,3,3,3,12,27,36,11,5,2,2,3
5,11,23,27,8,5,4,3,3,7,19,32,9,4,3,2,3
4,17,50,44,17,8,4,4,2,8,20,20,10,4,2,1,3
8,17,34,45,20,9,5,5,5,11,25,43,18,7,3,3,3
5,8,27,25,9,5,3,3,2,7,20,22,7,3,2,2,3
10,23,41,33,20,12,7,6,6,12,20,17,12,7,4,3,3
12,30,26,45,24,15,9,8,7,11,36,35,14,9,5,3,3
4,12,30,57,18,7,2,2,2,11,20,33,4,1,1,1,3
6,15,26,46,18,9,3,2,4,9,19,31,10,4,2,2,3
6,15,24,40,14,8,4,4,4,12,16,28,15,6,3,2,3
4,13,17,30,11,5,3,3,3,9,9,32,7,3,2,2,3
4,11,18,36,15,6,4,3,3,8,14,21,11,5,3,2,3
5,12,30,31,12,6,4,4,5,8,32,16,7,4,2,3,3
4,15,24,29,6,3,3,3,4,14,18,23,4,3,2,2,3
2,8,23,24,12,4,3,2,2,8,15,17,6,3,1,1,3
6,17,40,26,13,6,2,4,3,12,22,15,6,4,2,2,3
8,17,49,28,16,10,6,5,5,14,40,24,8,5,2,3,3
5,12,29,31,11,6,3,3,7,12,19,25,8,5,3,3,3
4,12,36,36,11,4,3,3,3,9,20,29,9,2,2,2,3
2,8,43,28,11,5,2,2,1,6,24,18,5,3,1,1,3
2,11,27,30,11,4,1,1,2,7,22,24,6,2,1,1,3
4,15,24,34,15,8,4,3,3,9,25,19,10,5,2,2,3
5,13,17,37,11,6,4,3,4,9,15,27,7,3,2,2,3
5,14,48,35,10,6,2,2,3,8,21,30,8,2,2,1,3
5,22,49,30,8,4,2,2,3,16,28,22,6,3,2,1,3
5,14,27,32,11,6,4,3,2,11,20,25,10,4,1,1,3
3,9,21,28,11,4,3,2,2,6,17,25,6,3,2,1,3
3,8,25,18,16,6,3,2,2,6,21,12,6,3,2,1,3
4,11,24,40,14,7,3,3,3,8,22,33,12,4,2,2,3
6,20,25,47,17,6,4,4,3,9,13,36,12,3,2,2,3
3,6,30,27,16,6,4,3,2,6,21,23,12,5,3,1,3
2,8,27,34,13,4,2,2,1,5,19,22,8,3,2,1,3
3,7,14,22,7,3,2,2,2,6,18,13,3,2,1,1,3
5,13,29,30,19,8,4,3,5,8,21,17,15,7,5,3,3
4,11,32,19,13,4,4,2,3,10,23,19,11,4,2,1,3
3,11,37,26,14,7,3,2,4,10,21,18,10,6,4,3,3
5,14,35,37,20,6,4,3,4,9,31,30,10,6,3,3,3
6,16,23,31,19,8,4,4,5,10,16,21,12,6,4,3,3
5,15,27,36,12,5,3,3,6,13,16,29,16,6,3,4,3
11,20,25,50,26,15,8,8,6,11,22,24,14,9,4,3,3
9,25,25,48,23,13,7,6,12,19,17,36,27,14,8,8,3
7,19,36,56,21,10,5,4,4,12,20,20,12,7,2,2,3
3,10,18,35,12,5,3,2,3,9,14,39,8,4,2,1,3
4,11,21,32,11,5,4,3,3,6,14,20,8,4,3,2,3
4,10,28,47,11,6,4,3,3,7,19,28,11,6,3,3,3
3,9,31,45,18,6,2,2,2,5,19,33,15,6,3,2,3
3,10,34,26,12,5,4,2,3,9,25,17,4,2,1,1,3
6,11,18,40,19,8,4,3,3,9,15,29,16,7,3,2,3
3,10,26,28,12,5,4,2,3,7,23,23,8,4,2,2,3
5,9,27,43,16,8,4,4,5,8,11,30,11,6,3,3,3
8,18,31,62,28,12,6,5,6,16,20,25,14,10,5,4,3
9,18,28,44,18,10,7,6,4,10,19,22,10,7,3,3,3
4,12,30,53,18,8,4,3,2,6,22,28,12,5,4,2,3
3,6,29,34,7,4,1,2,2,3,28,23,8,3,1,1,3
3,8,26,56,20,7,3,2,2,8,16,31,14,5,3,1,3
7,15,42,47,17,7,5,5,6,10,26,11,12,6,3,5,3
5,10,36,56,21,10,6,3,4,6,26,37,13,6,3,2,3
8,16,49,37,17,9,4,4,8,18,38,22,19,9,5,6,3
9,23,44,73,23,13,7,6,9,18,31,29,22,12,7,6,3
8,18,34,57,28,9,5,4,5,14,30,46,14,7,4,3,3
7,12,30,32,10,5,3,3,2,8,24,16,6,4,1,2,3
6,9,24,34,28,12,4,4,6,6,26,20,13,8,4,4,3
6,14,36,46,19,8,3,3,4,6,26,28,13,7,3,3,3
7,15,40,39,20,10,6,5,3,12,21,28,17,8,3,3,3
4,11,32,59,11,5,3,3,2,9,26,39,9,4,2,2,3
3,9,15,33,14,7,3,2,2,4,4,22,12,5,2,1,3
5,13,33,40,18,8,4,4,3,9,26,33,8,4,1,2,3
3,9,25,40,12,4,3,2,2,8,16,23,6,4,3,2,3
5,14,37,39,13,6,4,2,4,10,16,33,16,5,2,3,3
4,13,25,37,14,7,3,3,2,7,32,26,9,5,3,2,3
5,6,32,31,21,10,5,5,3,6,32,36,14,7,3,3,3
5,16,26,50,27,12,5,4,3,10,20,18,20,7,2,2,3
5,11,31,36,14,7,3,3,3,6,24,22,9,5,2,2,3
4,11,22,45,15,6,3,2,5,15,10,29,14,7,4,3,3
4,8,35,30,14,6,4,3,3,6,14,21,9,4,2,2,3
4,14,29,51,23,9,3,2,2,11,16,19,17,6,2,1,3
4,13,27,26,15,7,3,2,4,9,21,24,10,6,3,2,3
3,12,29,36,10,4,2,2,2,5,18,15,8,3,1,1,3
5,13,40,43,15,10,5,4,5,10,25,24,9,6,4,2,3
4,7,22,43,16,9,5,3,2,5,9,33,14,7,4,2,3
4,11,19,42,18,9,4,3,5,9,21,30,9,4,2,3,3
4,11,42,54,16,9,4,3,2,6,36,21,10,6,2,2,3
5,12,23,38,16,7,2,3,4,10,27,24,17,7,3,2,3
2,9,30,37,8,4,2,2,2,7,20,20,10,4,1,1,3
4,12,29,36,13,6,3,4,3,7,21,28,11,6,2,2,3
5,15,33,33,17,7,4,3,4,13,26,28,10,6,3,3,3
2,6,25,27,13,4,3,2,2,4,10,18,11,4,3,2,3
4,13,33,42,16,8,3,3,3,10,26,26,17,7,3,2,3
4,6,13,25,11,5,3,3,3,6,12,17,9,3,2,1,3
6,15,47,33,18,10,5,4,4,12,37,31,15,6,3,3,3
4,9,33,28,15,6,2,3,2,6,25,21,10,4,2,2,3
3,11,33,40,15,6,3,3,3,11,31,35,10,3,2,1,3
7,15,38,32,23,11,5,5,7,14,27,33,22,13,8,6,3
6,15,48,32,17,9,5,4,4,11,30,20,15,8,4,2,3
3,11,16,39,9,5,3,2,3,7,15,22,7,5,3,2,3
4,14,25,40,16,6,3,2,3,8,20,38,10,3,2,2,3
4,14,24,41,15,7,4,2,4,11,15,38,11,4,2,2,3
3,9,25,32,6,2,2,2,3,6,21,21,3,2,2,2,3
2,7,19,46,12,5,2,2,2,5,19,23,9,3,2,1,3
4,15,38,30,12,5,3,2,4,16,31,22,9,3,2,2,3
3,11,26,29,15,7,2,2,1,8,23,17,8,3,2,1,3
3,9,27,19,11,4,4,2,1,9,18,14,7,3,2,1,3
4,10,26,45,11,5,3,2,2,6,15,27,8,5,2,2,3
6,11,28,36,17,6,4,4,4,8,19,28,11,5,3,3,3
3,11,28,35,11,5,3,2,1,8,31,32,7,3,1,1,3
3,8,43,35,11,5,2,2,2,5,26,31,9,5,2,1,3
3,6,21,31,10,5,2,2,2,3,20,17,9,4,2,1,3
4,12,24,26,16,6,3,3,2,6,24,19,10,4,1,1,3
3,9,21,28,14,7,4,3,2,4,20,17,14,5,3,2,3
3,12,27,29,9,4,3,2,3,11,22,9,6,3,1,1,3
1,6,21,31,5,3,4,2,1,6,14,16,5,2,2,1,3
6,14,28,35,12,6,3,3,4,9,24,25,10,4,3,2,3
2,8,27,39,15,6,3,1,2,8,21,30,11,6,3,1,3
4,12,22,26,6,3,3,2,3,10,23,14,5,2,2,2,3
4,13,30,42,10,5,3,2,3,9,19,25,7,2,2,1,3
4,14,31,41,13,4,2,2,3,9,23,33,6,2,1,1,3
3,11,25,42,11,6,3,3,2,6,19,23,8,5,1,1,3
2,6,17,20,11,3,2,1,2,3,16,14,10,4,1,1,3
3,6,35,27,11,4,3,2,3,5,32,20,11,5,2,2,3
1,7,27,41,12,5,3,2,1,6,20,27,8,3,2,1,3
4,13,31,33,15,8,3,3,2,7,20,29,10,4,1,1,3
6,14,31,56,25,14,6,5,8,14,18,38,23,13,6,5,3
3,9,32,34,9,4,4,2,2,6,30,21,5,3,3,2,3
4,9,22,23,15,8,5,3,5,7,15,10,14,7,4,3,3
3,5,21,30,9,5,3,2,2,2,13,23,6,3,2,1,3
3,6,8,33,9,6,2,3,1,3,9,14,7,3,1,0,3
5,15,17,27,10,5,3,4,4,6,19,29,9,4,3,3,3
2,6,18,41,12,3,3,2,2,5,16,26,9,3,1,1,3
3,7,18,30,11,6,3,2,2,8,18,20,7,3,1,1,3
4,9,16,24,9,4,3,3,3,8,13,19,6,2,1,2,3
3,12,35,19,10,6,3,2,2,11,29,16,8,6,2,2,3
2,4,17,24,12,5,2,1,1,2,14,24,8,3,2,1,3
2,11,24,20,9,3,1,1,1,7,18,16,8,3,1,1,3
2,4,15,29,10,4,2,1,2,3,12,25,5,2,1,1,3
2,5,20,26,6,5,2,1,1,3,19,14,4,2,1,2,3
3,7,22,30,11,5,3,2,3,5,18,27,8,5,3,2,3
5,16,31,43,15,7,3,3,3,9,30,39,11,3,1,2,3
2,8,25,28,13,6,2,1,3,8,19,25,6,4,1,2,3
3,11,19,39,12,6,2,1,3,6,15,28,11,5,2,2,3
4,8,24,26,12,7,4,2,2,5,14,20,8,5,3,2,3
3,6,14,36,12,4,3,3,4,6,12,24,10,7,2,2,3
4,7,22,30,12,5,4,2,2,6,19,29,10,3,2,1,3
5,11,32,34,17,9,3,3,3,9,20,20,17,7,3,2,3
3,8,27,28,5,4,2,2,2,7,19,11,4,1,1,1,3
3,6,16,35,14,6,3,2,2,3,10,20,13,5,2,1,3
4,12,24,34,8,3,2,2,3,13,18,31,5,3,2,2,3
2,9,17,23,7,3,3,2,2,10,20,23,5,2,2,1,3
2,5,27,17,9,4,2,1,1,4,16,11,8,2,1,1,3
3,6,23,34,14,5,2,1,1,3,18,32,12,7,1,1,3
4,11,13,36,12,5,3,3,3,6,11,31,13,5,2,2,3
3,7,25,28,13,8,3,2,2,3,18,18,13,6,2,1,3
3,11,16,32,17,6,3,2,3,14,9,33,14,4,2,1,3
3,10,21,22,6,3,1,2,2,9,25,16,5,3,2,1,3
4,14,33,36,11,4,3,2,2,9,20,18,10,4,2,2,3
3,9,24,28,7,4,4,3,3,6,13,20,4,2,2,1,3
2,5,20,25,8,5,3,1,2,5,15,29,4,2,1,1,3
3,7,14,24,12,5,2,2,1,3,13,11,6,3,1,1,3
2,5,11,39,9,4,2,1,1,3,8,20,8,3,2,1,3
2,5,22,28,10,6,5,2,2,3,19,17,7,3,2,1,3
3,8,24,24,10,5,3,2,2,5,10,22,9,4,1,2,3
4,8,13,22,9,5,2,3,3,6,11,16,9,4,2,2,3
3,8,21,24,8,4,2,2,2,6,15,21,6,2,1,1,3
2,6,19,15,5,3,2,1,2,3,8,11,3,1,2,1,3
4,10,20,47,15,7,3,2,3,7,17,41,12,5,1,2,3
5,14,32,34,18,8,3,4,5,13,22,24,13,7,2,4,3
6,15,31,27,15,7,5,4,5,18,17,20,9,6,3,3,3
2,4,32,33,6,5,1,1,2,5,17,28,4,2,1,1,3
4,10,11,41,12,7,3,3,2,6,5,22,9,4,2,2,3
3,10,21,26,7,5,3,2,2,5,13,19,7,4,2,1,3
3,6,22,32,12,5,2,2,1,5,11,20,5,3,1,1,3
3,8,25,26,10,4,3,2,2,9,10,14,7,4,1,1,3
2,9,24,31,15,6,2,1,2,7,21,27,12,3,1,1,3
1,4,32,27,9,3,3,1,0,3,24,26,5,3,2,1,3
3,9,21,27,8,5,2,2,2,9,18,14,8,3,2,1,3
3,7,18,20,8,5,4,2,1,6,11,14,5,3,2,1,3
4,12,23,37,15,4,4,2,3,5,11,29,10,3,2,2,3
3,8,15,28,10,5,2,2,3,5,15,16,7,4,1,2,3
3,7,20,26,10,4,2,2,1,4,10,10,5,3,2,1,3
4,7,27,39,11,5,4,2,3,5,20,19,10,4,3,2,3
2,10,23,35,7,3,3,2,2,9,20,19,4,2,3,1,3
3,10,15,23,11,5,3,1,2,9,9,19,10,2,1,0,3
3,9,35,31,13,4,1,2,2,6,21,18,12,6,2,2,3
4,13,47,41,13,6,3,3,4,7,31,31,17,6,3,3,3
4,7,26,23,10,5,2,2,3,6,18,11,6,4,2,1,3
3,9,25,29,8,4,3,2,3,9,15,24,5,3,3,2,3
4,9,15,24,11,7,3,3,3,8,9,18,11,6,1,3,3
4,11,24,25,13,7,3,3,3,6,16,21,11,6,3,2,3
3,7,26,17,10,4,2,2,2,6,15,14,5,4,2,2,3
6,17,27,51,23,11,5,5,3,9,26,32,13,7,3,2,3
3,7,22,27,14,7,3,2,3,5,12,32,15,7,2,2,3
2,5,15,26,9,4,3,2,1,2,13,20,5,2,2,1,3
2,9,20,31,5,3,1,1,1,5,16,16,5,3,1,1,3
2,8,24,23,7,4,2,2,2,5,19,16,5,3,2,2,3
3,5,24,27,9,4,3,2,2,5,17,17,7,3,2,2,3
5,13,22,34,14,6,4,3,5,11,15,36,8,4,3,2,3
2,5,33,24,9,5,3,2,1,5,18,15,6,2,2,1,3
3,10,23,34,16,7,4,2,3,7,14,29,9,3,2,2,3
2,7,27,26,9,4,2,1,1,5,13,20,8,1,1,1,3
2,7,25,31,10,5,3,2,2,5,20,21,6,4,1,1,3
3,6,23,25,11,6,3,3,2,7,21,15,7,4,2,1,3
3,8,21,29,14,7,3,2,2,5,17,17,8,4,2,1,3
2,7,25,26,6,4,2,2,2,4,17,19,4,2,1,2,3
7,16,18,23,12,7,5,5,4,8,13,11,12,7,3,3,3
3,10,22,31,9,6,3,2,2,4,8,25,8,5,2,2,3
2,8,18,30,6,2,1,1,2,6,9,18,5,2,1,1,3
4,9,16,16,9,5,4,2,4,10,17,18,6,3,3,2,3
3,9,17,20,8,3,2,3,1,5,14,21,9,3,1,0,3
2,6,24,26,6,4,2,1,1,4,13,22,3,3,1,1,3
5,16,29,30,12,7,4,3,4,12,23,23,10,6,4,3,3
3,7,40,29,10,6,3,2,2,6,23,18,7,4,1,1,3
6,14,28,42,20,9,5,4,3,11,23,24,13,5,3,2,3
4,8,23,38,10,6,3,2,1,4,18,25,8,4,2,2,3
5,8,20,37,14,7,4,3,3,6,19,30,10,4,2,1,3
3,10,11,23,12,5,3,2,2,6,8,16,9,5,2,2,3
4,10,33,31,11,5,3,3,3,6,28,20,10,4,2,2,3
4,10,29,34,9,6,3,2,3,7,18,26,7,3,2,2,3
3,7,24,21,8,4,2,2,2,4,21,19,7,2,1,1,3
3,7,24,25,9,5,3,2,1,6,20,26,7,3,2,1,3
4,9,19,24,11,5,4,2,3,7,14,15,7,3,3,1,3
2,6,25,18,10,4,2,2,1,3,17,19,3,2,2,1,3
2,8,22,21,8,3,2,2,1,3,13,14,8,3,1,1,3
4,12,35,29,18,7,3,2,3,10,29,24,14,5,2,2,3
3,6,29,41,13,5,4,2,2,4,17,32,10,5,2,1,3
2,9,35,44,8,3,1,1,2,7,17,32,6,3,1,1,3
5,13,26,29,17,6,4,4,3,8,22,24,9,4,2,1,3
5,12,26,32,10,3,3,4,3,13,28,19,7,2,3,2,3
4,11,31,43,16,8,3,2,3,11,14,34,15,6,2,1,3
4,10,25,40,23,9,3,3,4,13,14,25,18,5,1,2,3
5,15,31,19,13,5,3,3,3,10,21,17,7,3,3,1,3
2,8,27,25,10,4,2,2,2,4,21,16,8,3,2,2,3
4,10,35,47,18,6,2,2,3,7,25,30,14,4,1,2,3
4,11,17,27,10,5,3,2,3,7,14,17,6,4,2,1,3
5,11,25,21,17,8,3,3,5,8,24,28,15,4,3,3,3
4,6,30,38,16,6,3,3,3,3,25,24,11,5,3,2,3
4,16,35,24,12,6,4,3,3,14,25,20,10,5,2,2,3
2,9,28,30,10,4,2,1,2,5,23,27,5,3,1,0,3
4,11,35,52,15,7,3,3,3,7,19,31,7,4,2,2,3
4,13,32,30,14,4,2,2,2,6,22,31,7,4,2,1,3
6,10,23,44,18,8,4,4,3,6,15,34,17,7,3,2,3
6,18,32,35,18,8,3,5,4,6,15,21,11,4,2,3,3
4,9,36,28,13,6,2,3,2,9,18,24,6,3,2,1,3
1,5,26,25,10,4,2,1,1,4,14,18,9,3,1,1,3
4,13,32,34,17,8,4,3,3,8,28,16,6,4,2,1,3
2,8,20,13,5,3,1,1,1,4,16,7,3,1,2,1,3
4,7,30,31,17,6,2,2,1,6,27,20,10,5,2,2,3
5,14,18,32,14,8,4,4,3,12,16,21,10,5,3,2,3
5,9,25,28,11,7,4,3,4,6,15,19,8,5,2,3,3
3,9,33,22,12,4,3,2,2,9,23,28,11,2,2,1,3
2,9,43,42,13,5,3,2,2,8,33,36,12,4,1,2,3
4,11,22,23,11,6,3,2,4,10,19,13,6,3,2,2,3
5,16,20,27,14,5,3,3,3,13,13,17,10,3,3,2,3
2,11,25,34,9,3,3,1,1,6,15,19,4,3,2,1,3
2,8,28,24,9,4,3,2,2,5,23,18,6,2,2,1,3
2,7,18,18,4,3,3,2,2,9,22,18,5,3,2,1,3
3,9,32,37,15,7,4,2,3,6,17,18,11,5,3,2,3
2,9,25,19,8,4,2,2,1,7,16,18,7,2,1,1,3
3,13,27,28,15,7,4,2,2,11,23,15,13,5,3,2,3
2,8,24,20,7,3,3,2,2,6,12,25,3,2,3,2,3
3,10,30,35,13,6,4,2,3,6,22,20,6,3,2,2,3
4,11,15,31,10,5,2,2,2,6,11,19,7,3,2,1,3
4,11,41,28,12,8,4,2,2,7,19,15,11,5,2,2,3
2,10,20,36,10,3,2,2,2,5,10,26,6,2,1,1,3
3,10,37,25,10,6,2,2,2,7,23,20,4,3,2,2,3
5,18,42,28,7,4,3,3,2,9,32,19,4,2,2,2,3
6,16,30,42,13,8,4,4,3,13,17,34,6,3,3,2,3
5,16,49,45,11,5,4,3,5,15,28,36,6,3,3,3,3
3,12,34,32,8,3,2,2,2,8,27,26,6,2,2,1,3
3,16,42,31,13,6,2,3,3,14,24,21,8,4,2,2,3
6,15,43,35,15,7,4,4,6,14,32,27,18,8,3,4,3
4,7,23,35,13,5,2,3,2,3,20,31,6,3,1,2,3
4,9,39,27,12,5,3,3,4,9,19,21,10,4,3,2,3
4,10,23,40,10,5,3,2,2,5,19,31,5,2,2,1,3
3,5,27,20,6,4,2,1,1,5,18,14,3,3,2,1,3
6,15,29,40,10,6,3,4,5,11,23,35,8,5,3,3,3
3,8,10,31,12,5,2,2,3,8,8,19,9,3,1,1,3
2,7,17,26,9,6,3,2,1,6,18,23,5,3,2,1,3
5,14,37,18,6,5,3,3,2,9,28,13,5,2,1,1,3
4,13,29,24,5,4,2,2,3,11,21,15,5,3,1,1,3
4,11,29,25,11,5,3,2,3,7,18,20,9,4,2,1,3
3,10,30,17,12,6,3,2,3,9,25,17,8,4,2,1,3
4,13,22,31,10,6,2,2,3,11,25,34,6,4,2,2,3
6,15,23,30,7,6,4,4,5,11,16,14,7,5,2,3,3
3,10,29,34,18,9,3,3,2,6,21,33,15,6,2,2,3
3,10,29,24,7,4,3,3,1,6,15,14,4,4,3,1,3
3,15,48,27,7,3,1,1,2,7,29,16,6,2,1,1,3
4,9,24,33,8,4,4,3,2,5,16,14,5,2,2,2,3
